:020000040800F2
:1000000000000220E16B0008D1650008D3650008FC
:10001000D5650008D7650008D96500080000000014
:10002000000000000000000000000000DB65000888
:10003000DD65000800000000DF650008E1650008DC
:10004000316C0008316C0008316C0008316C00081C
:10005000316C0008316C0008316C0008316C00080C
:10006000316C0008316C0008316C0008316C0008FC
:10007000316C0008316C0008316C0008316C0008EC
:10008000316C0008316C0008316C0008316C0008DC
:10009000E9650008316C0008316C0008316C00081B
:1000A000316C0008316C0008316C0008316C0008BC
:1000B000316C0008316C0008316C0008316C0008AC
:1000C000316C0008316C0008316C0008316C00089C
:1000D000316C0008316C0008316C0008316C00088C
:1000E000316C0008316C0008316C0008316C00087C
:1000F000316C0008316C0008316C0008316C00086C
:10010000316C0008316C0008316C0008316C00085B
:10011000316C0008316C0008316C0008316C00084B
:10012000316C0008316C0008316C0008316C00083B
:10013000316C0008316C0008316C0008316C00082B
:10014000316C0008316C0008316C0008F96500085A
:10015000316C0008316C0008316C0008316C00080B
:10016000316C0008316C0008316C0008316C0008FB
:10017000316C0008316C0008316C00080000000090
:08018000316C0008316C00082D
:1001900010B5054C237833B9044B13B10448AFF3C1
:1001A00000800123237010BDAC0800200000000077
:1001B0001816010808B5034B1BB103490348AFF3F8
:1001C000008008BD00000000B008002018160108DB
:1001D00081F0004102E000BF83F0004330B54FEAF8
:1001E00041044FEA430594EA050F08BF90EA020F65
:1001F0001FBF54EA000C55EA020C7FEA645C7FEAF8
:10020000655C00F0E2804FEA5454D4EB5555B8BF1A
:100210006D420CDD2C4480EA020281EA030382EA8B
:10022000000083EA010180EA020281EA0303362D1D
:1002300088BF30BD11F0004F4FEA01314FF4801CF0
:100240004CEA113102D0404261EB410113F0004F02
:100250004FEA03334CEA133302D0524263EB4303B9
:1002600094EA050F00F0A780A4F10104D5F1200E57
:100270000DDB02FA0EFC22FA05F2801841F10001B2
:1002800003FA0EF2801843FA05F359410EE0A5F186
:1002900020050EF1200E012A03FA0EFC28BF4CF0B7
:1002A000020C43FA05F3C01851EBE37101F000456D
:1002B00007D54FF0000EDCF1000C7EEB00006EEB7A
:1002C0000101B1F5801F1BD3B1F5001F0CD3490804
:1002D0005FEA30004FEA3C0C04F101044FEA44525B
:1002E00012F5800F80F09A80BCF1004F08BF5FEAE2
:1002F000500C50F1000041EB045141EA050130BDC2
:100300005FEA4C0C404141EB0101013C28BFB1F5D3
:10031000801FE9D291F0000F04BF01460020B1FA1E
:1003200081F308BF2033A3F10B03B3F120020CDAF1
:100330000C3208DD02F1140CC2F10C0201FA0CF0CF
:1003400021FA02F10CE002F11402D8BFC2F1200C34
:1003500001FA02F120FA0CFCDCBF41EA0C019040EA
:10036000E41AA2BF01EB0451294330BD6FEA040433
:100370001F3C1CDA0C340EDC04F11404C4F120021E
:1003800020FA04F001FA02F340EA030021FA04F330
:1003900045EA030130BDC4F10C04C4F1200220FA87
:1003A00002F001FA04F340EA0300294630BD21FAC5
:1003B00004F0294630BD94F0000F83F4801306BF8B
:1003C00081F480110134013D4EE77FEA645C18BF7F
:1003D0007FEA655C29D094EA050F08BF90EA020F16
:1003E00005D054EA000C04BF1946104630BD91EA0E
:1003F000030F1EBF0021002030BD5FEA545C05D111
:100400004000494128BF41F0004130BD14F580044F
:100410003CBF01F5801130BD01F0004545F0FE41C3
:1004200041F470014FF0000030BD7FEA645C1ABFF8
:10043000194610467FEA655C1CBF0B46024650EA2F
:10044000013406BF52EA033591EA030F41F400215B
:1004500030BD00BF90F0000F04BF0021704730B5E1
:100460004FF4806404F132044FF000054FF00001B6
:1004700050E700BF90F0000F04BF0021704730B577
:100480004FF4806404F1320410F0004548BF40424C
:100490004FF000013EE700BF42004FEAE2014FEAA1
:1004A00031014FEA02701FBF12F07F4393F07F4F7C
:1004B00081F06051704732F07F4208BF704793F07F
:1004C0007F4F04BF41F40021704730B54FF4607492
:1004D00001F0004521F000411CE700BF50EA010295
:1004E00008BF704730B54FF000050AE050EA01023E
:1004F00008BF704730B511F0004502D5404261EBAE
:1005000041014FF4806404F132045FEA915C3FF4EE
:10051000D8AE4FF003025FEADC0C18BF03325FEA8B
:10052000DC0C18BF033202EBDC02C2F1200300FA3C
:1005300003FC20FA02F001FA03FE40EA0E0021FA61
:1005400002F11444BDE600BF80F0004002E000BFAD
:1005500081F0004142001FBF5FEA410392EA030FAE
:100560007FEA226C7FEA236C6AD04FEA1262D2EBF8
:100570001363C1BFD218414048404140B8BF5B42FD
:10058000192B88BF704710F0004F40F4000020F096
:100590007F4018BF404211F0004F41F4000121F0AC
:1005A0007F4118BF494292EA030F3FD0A2F10102F6
:1005B00041FA03FC10EB0C00C3F1200301FA03F134
:1005C00000F0004302D5494260EB4000B0F5000F57
:1005D00013D3B0F1807F06D340084FEA310102F116
:1005E0000102FE2A51D2B1F1004F40EBC25008BFC8
:1005F00020F0010040EA03007047490040EB000092
:10060000013A28BFB0F5000FEDD2B0FA80FCACF192
:10061000080CB2EB0C0200FA0CF0AABF00EBC250BF
:1006200052421843BCBFD0401843704792F0000FAD
:1006300081F4000106BF80F400000132013BB5E700
:100640004FEA41037FEA226C18BF7FEA236C21D076
:1006500092EA030F04D092F0000F08BF08467047DB
:1006600090EA010F1CBF0020704712F07F4F04D1A9
:10067000400028BF40F00040704712F100723CBFBC
:1006800000F50000704700F0004343F0FE4040F4E6
:10069000000070477FEA226216BF08467FEA2363A4
:1006A0000146420206BF5FEA412390EA010F40F48F
:1006B000800070474FF0000304E000BF10F00043DB
:1006C00048BF40425FEA000C08BF704743F09643C2
:1006D00001464FF000001CE050EA010208BF7047DD
:1006E0004FF000030AE000BF50EA010208BF704764
:1006F00011F0004302D5404261EB41015FEA010C79
:1007000002BF84460146002043F0B64308BFA3F170
:100710008053A3F50003BCFA8CF2083AA3EBC25352
:1007200010DB01FA02FC634400FA02FCC2F1200271
:10073000BCF1004F20FA02F243EB020008BF20F0A8
:100740000100704702F1200201FA02FCC2F120020E
:1007500050EA4C0021FA02F243EB020008BF20EA03
:10076000DC7070474FF0FF0C1CEAD0521EBF1CEA31
:10077000D15392EA0C0F93EA0C0F6FD01A4480EA1F
:10078000010C400218BF5FEA41211ED04FF0006308
:1007900043EA501043EA5111A0FB01310CF0004034
:1007A000B1F5000F3EBF490041EAD3715B0040EA5A
:1007B000010062F17F02FD2A1DD8B3F1004F40EB2A
:1007C000C25008BF20F00100704790F0000F0CF0FD
:1007D000004C08BF49024CEA502040EA51207F3AC1
:1007E000C2BFD2F1FF0340EAC250704740F400009C
:1007F0004FF00003013A5DDC12F1190FDCBF00F08D
:1008000000407047C2F10002410021FA02F1C2F13A
:10081000200200FA02FC5FEA310040F1000053EAD6
:100820004C0308BF20EADC70704792F0000F00F024
:10083000004C02BF400010F4000F013AF9D040EA2A
:100840000C0093F0000F01F0004C02BF490011F4BE
:10085000000F013BF9D041EA0C018FE70CEAD153BC
:1008600092EA0C0F18BF93EA0C0F0AD030F0004C3C
:1008700018BF31F0004CD8D180EA010000F00040F0
:10088000704790F0000F17BF90F0004F084691F0AE
:10089000000F91F0004F14D092EA0C0F01D14202E8
:1008A0000FD193EA0C0F03D14B0218BF084608D1B1
:1008B00080EA010000F0004040F0FE4040F40000FB
:1008C000704740F0FE4040F4400070474FF0FF0C8E
:1008D0001CEAD0521EBF1CEAD15392EA0C0F93EAD5
:1008E0000C0F69D0A2EB030280EA010C49024FEA27
:1008F000402037D04FF0805343EA111143EA1013E0
:100900000CF000408B4238BF5B0042F17D024FF497
:10091000000C8B4224BF5B1A40EA0C00B3EB510F72
:1009200024BFA3EB510340EA5C00B3EB910F24BF5B
:10093000A3EB910340EA9C00B3EBD10F24BFA3EBE0
:10094000D10340EADC001B0118BF5FEA1C1CE0D1A8
:10095000FD2A3FF650AF8B4240EBC25008BF20F05B
:10096000010070470CF0004C4CEA50207F32C2BFAF
:10097000D2F1FF0340EAC250704740F400004FF04C
:100980000003013A37E792F0000F00F0004C02BF7D
:10099000400010F4000F013AF9D040EA0C0093F047
:1009A000000F01F0004C02BF490011F4000F013BA1
:1009B000F9D041EA0C0195E70CEAD15392EA0C0F09
:1009C00008D142027FF47DAF93EA0C0F7FF470AF41
:1009D000084676E793EA0C0F04D14B023FF44CAF84
:1009E00008466EE730F0004C18BF31F0004CCAD119
:1009F00030F000427FF45CAF31F000437FF43CAF55
:100A00005FE700BF4FF0FF3C06E000BF4FF0010C76
:100A100002E000BF4FF0010C4DF804CD4FEA400258
:100A20004FEA41037FEA226C18BF7FEA236C11D0A2
:100A300001B052EA530C18BF90EA010F58BFB2EB55
:100A4000030088BFC81738BF6FEAE17018BF40F0D5
:100A5000010070477FEA226C02D15FEA402C05D189
:100A60007FEA236CE4D15FEA412CE1D05DF8040B0E
:100A7000704700BF844608466146FFE70FB5FFF7A1
:100A8000C9FF002848BF10F1000F0FBD4DF808ED59
:100A9000FFF7F4FF0CBF012000205DF808FB00BF4A
:100AA0004DF808EDFFF7EAFF34BF012000205DF8A4
:100AB00008FB00BF4DF808EDFFF7E0FF94BF0120F1
:100AC00000205DF808FB00BF4DF808EDFFF7D2FFEE
:100AD00094BF012000205DF808FB00BF4DF808ED31
:100AE000FFF7C8FF34BF012000205DF808FB00BFFE
:100AF0004FEA4002B2F1FE4F0FD34FF09E03B3EB2B
:100B000012620DD94FEA002343F0004310F0004F6A
:100B100023FA02F018BF404270474FF000007047C0
:100B200012F1610F01D1420205D110F0004008BF5F
:100B30006FF0004070474FF00000704742000ED247
:100B4000B2F1FE4F0BD34FF09E03B3EB126209D408
:100B50004FEA002343F0004323FA02F070474FF0BE
:100B60000000704712F1610F01D1420202D14FF033
:100B7000FF3070474FF00000704700BF53B94AB9CB
:100B8000002908BF00281CBF4FF0FF314FF0FF3095
:100B900000F06AB9ADF1080C6DE904CE00F006F87A
:100BA000DDF804E0DDE9022304B070472DE9F047E9
:100BB000089D0C46002B4ED194468C458646B2FAD1
:100BC00082F262D94AB1C2F12003914020FA03F3C4
:100BD0000CFA02FC194300FA02FE4FEA1C471FFA06
:100BE0008CF6B1FBF7F44FEA1E4307FB141143EAFE
:100BF000014304FB06F199420AD91CEB030304F1FB
:100C0000FF3080F01281994240F20F81023C634430
:100C1000591A1FFA8EF3B1FBF7F007FB101143EAE4
:100C2000014300FB06F69E420AD91CEB030300F1C8
:100C3000FF3180F0FC809E4240F2F980634402382C
:100C40009B1B40EA044000211DB1D3400022C5E9AE
:100C50000032BDE8F0878B4205D90DB1C5E900012E
:100C600000210846F5E7B3FA83F1002946D1A342F3
:100C700002D39042C0F0F080861A64EB0303012097
:100C8000002DE6D0C5E90063E3E7002A40F090803C
:100C9000A1EB0C044FEA1C481FFA8CF70121B4FBAE
:100CA000F8F64FEA1E4308FB164443EA044307FBE9
:100CB00006F0984208D91CEB030306F1FF3402D278
:100CC000984200F2CD8026461C1A1FFA8EF3B4FB20
:100CD000F8F008FB104443EA044300FB07F79F4287
:100CE00008D91CEB030300F1FF3402D29F4200F24B
:100CF000B0802046DB1B40EA0640A5E7C1F1200694
:100D00008B4022FA06F71F4320FA06FC04FA01F38F
:100D100043EA0C03F44000FA01F8380C4FEA134997
:100D2000B4FBF0FE1FFA87FC00FB1E4449EA0444B2
:100D30000EFB0CF9A14502FA01F20AD93C190EF199
:100D4000FF3A80F08480A14540F28180AEF1020E2E
:100D50003C44A4EB09041FFA83F9B4FBF0F300FB55
:100D6000134449EA044403FB0CFCA44507D93C198D
:100D700003F1FF3067D2A44565D9023B3C4443EA06
:100D80000E40A0FB0293A4EB0C049C42CE469C4672
:100D900051D34ED055B1B8EB0E0364EB0C0404FAFA
:100DA00006F6CB401E43CC40C5E90064002150E765
:100DB000C2F1200320FA03F10CFA02FC24FA03F337
:100DC00094400C434FEA1C4800FA02FE1FFA8CF7CD
:100DD000B3FBF8F008FB1031230C43EA014300FB9E
:100DE00007F1994208D91CEB030300F1FF362CD21E
:100DF00099422AD9023863445B1AA4B2B3FBF8F1D2
:100E000008FB113344EA034401FB07F3A34208D96A
:100E10001CEB040401F1FF3613D2A34211D90239AD
:100E20006444E41A41EA004139E70446F0E6084622
:100E300006E7C845AED2B9EB020E63EB070C0138EA
:100E4000A8E73146EDE7034699E73046D4E7D646B2
:100E50007FE7634402384DE70646234608460FE71E
:100E6000023E634430E700BF704700BF10F8012B1B
:100E700011F8013B012A28BF9A42F7D0D01A7047D7
:100E8000034613F8012B002AFBD1181A01387047CA
:100E900001F0FF01102A2BDB10F0070F08D010F82B
:100EA000013B013A8B422DD010F0070F42B3F6D12F
:100EB000F0B441EA012141EA014122F007047FF048
:100EC00000070023F0E80256083C85EA010586EA9F
:100ED000010685FA47F5A3FA87F586FA47F6A5FADB
:100EE00087F68EB9EED1F0BC01F0FF0102F00702E7
:100EF00032B110F8013B013A83EA010313B1F8D192
:100F00000020704701387047002D06BF3546033872
:100F1000073815F0010F07D1013015F4807F02BFAB
:100F2000013015F4C03F0130F0BC0138704700BFFC
:100F300070B54FF0FF0C4CF4E06C1CEA11541DBF6F
:100F40001CEA135594EA0C0F95EA0C0F00F0DEF83A
:100F50002C4481EA030621EA4C5123EA4C5350EA1F
:100F6000013518BF52EA033541F4801143F4801370
:100F700038D0A0FB02CE4FF00005E1FB02E506F001
:100F80000042E0FB03E54FF00006E1FB03569CF056
:100F9000000F18BF4EF0010EA4F1FF04B6F5007F5C
:100FA00064F5407404D25FEA4E0E6D4146EB0606CE
:100FB00042EAC62141EA55514FEAC52040EA5E5057
:100FC0004FEACE2EB4F1FD0C88BFBCF5E06F1ED801
:100FD000BEF1004F08BF5FEA500E50F1000041EB38
:100FE000045170BD06F0004646EA010140EA0200E5
:100FF00081EA0301B4EB5C04C2BFD4EB0C0541EA07
:10100000045170BD41F480114FF0000E013C00F31B
:10101000AB8014F1360FDEBF002001F0004170BD3F
:10102000C4F10004203C35DA0C341BDC04F1140458
:10103000C4F1200500FA05F320FA04F001FA05F2E4
:1010400040EA020001F0004221F0004110EBD370B1
:1010500021FA04F642EB06015EEA430E08BF20EADD
:10106000D37070BDC4F10C04C4F1200500FA04F380
:1010700020FA05F001FA04F240EA020001F0004112
:1010800010EBD37041F100015EEA430E08BF20EA85
:10109000D37070BDC4F1200500FA05F24EEA020ECD
:1010A00020FA04F301FA05F243EA020321FA04F0FC
:1010B00001F0004121FA04F220EA020000EBD370B3
:1010C0005EEA430E08BF20EAD37070BD94F0000FB3
:1010D0000FD101F00046400041EB010111F4801FE7
:1010E00008BF013CF7D041EA060195F0000F18BF98
:1010F000704703F00046520043EB030313F4801FD4
:1011000008BF013DF7D043EA0603704794EA0C0F8D
:101110000CEA135518BF95EA0C0F0CD050EA4106A3
:1011200018BF52EA4306D1D181EA030101F0004120
:101130004FF0000070BD50EA410606BF1046194648
:1011400052EA430619D094EA0C0F02D150EA013654
:1011500013D195EA0C0F05D152EA03361CBF104695
:1011600019460AD181EA030101F0004141F0FE4134
:1011700041F470014FF0000070BD41F0FE4141F4B8
:10118000780170BD70B54FF0FF0C4CF4E06C1CEAB8
:1011900011541DBF1CEA135594EA0C0F95EA0C0F6D
:1011A00000F0A7F8A4EB050481EA030E52EA033528
:1011B0004FEA013100F088804FEA03334FF0805549
:1011C00045EA131343EA12634FEA022245EA111576
:1011D00045EA10654FEA00260EF000419D4208BF27
:1011E000964244F1FD0404F5407402D25B084FEAD4
:1011F0003202B61A65EB03055B084FEA32024FF480
:1012000080104FF4002CB6EB020E75EB030E22BFDC
:10121000B61A754640EA0C005B084FEA3202B6EB9C
:10122000020E75EB030E22BFB61A754640EA5C004B
:101230005B084FEA3202B6EB020E75EB030E22BFDB
:10124000B61A754640EA9C005B084FEA3202B6EBDC
:10125000020E75EB030E22BFB61A754640EADC009B
:1012600055EA060E18D04FEA051545EA16754FEAFD
:1012700006164FEAC30343EA52734FEAC2025FEA1B
:101280001C1CC0D111F4801F0BD141EA00014FF0AA
:1012900000004FF0004CB6E711F4801F04BF01437B
:1012A0000020B4F1FD0C88BFBCF5E06F3FF6AFAE97
:1012B000B5EB030C04BFB6EB020C5FEA500C50F127
:1012C000000041EB045170BD0EF0004E4EEA1131AA
:1012D00014EB5C04C2BFD4EB0C0541EA045170BDB1
:1012E00041F480114FF0000E013C90E645EA060EF5
:1012F0008DE60CEA135594EA0C0F08BF95EA0C0F23
:101300003FF43BAF94EA0C0F0AD150EA01347FF46A
:1013100034AF95EA0C0F7FF425AF104619462CE741
:1013200095EA0C0F06D152EA03353FF4FDAE1046A4
:10133000194622E750EA410618BF52EA43067FF4F5
:10134000C5AE50EA41047FF40DAF52EA43057FF485
:10135000EBAE12E74FF0FF3C06E000BF4FF0010C90
:1013600002E000BF4FF0010C4DF804CD4FEA410CF4
:101370007FEA6C5C4FEA430C18BF7FEA6C5C1BD0C1
:1013800001B050EA410C0CBF52EA430C91EA030F42
:1013900002BF90EA020F0020704710F1000F91EA9F
:1013A000030F58BF994208BF90422CBFD8176FEA6D
:1013B000E37040F0010070474FEA410C7FEA6C5C3B
:1013C00002D150EA013C07D14FEA430C7FEA6C5C42
:1013D000D6D152EA033CD3D05DF8040B704700BF6E
:1013E0008446104662468C461946634600E000BFBC
:1013F00001B5FFF7B7FF002848BF10F1000F01BD8E
:101400004DF808EDFFF7F4FF0CBF012000205DF858
:1014100008FB00BF4DF808EDFFF7EAFF34BF0120DD
:1014200000205DF808FB00BF4DF808EDFFF7E0FF76
:1014300094BF012000205DF808FB00BF4DF808EDC7
:10144000FFF7CEFF94BF012000205DF808FB00BF2E
:101450004DF808EDFFF7C4FF34BF012000205DF810
:1014600008FB00BF4FEA410C7FEA6C5C02D150EAF6
:10147000013C0AD14FEA430C7FEA6C5C02D152EA8C
:10148000033C02D14FF0000070474FF0010070475D
:101490004FEA410212F5001215D211D56FF478739C
:1014A000B3EB625212D94FEAC12343F0004343EA3F
:1014B000505311F0004F23FA02F018BF404270471A
:1014C0004FF00000704750EA013005D111F00040A4
:1014D00008BF6FF0004070474FF00000704700BF3A
:1014E0004A0011D212F5001211D20DD56FF47873A3
:1014F000B3EB62520ED44FEAC12343F0004343EAF8
:10150000505323FA02F070474FF00000704750EA42
:10151000013002D14FF0FF3070474FF000007047AC
:101520004FEA4102B2F1E04324BFB3F5001CDCF105
:10153000FE5C0DD901F0004C4FEAC0024CEA50703D
:10154000B2F1004F40EB830008BF20F0010070476C
:1015500011F0804F21D113F13872BCBF01F000406F
:10156000704741F480114FEA5252C2F11802C2F1A1
:10157000200C10FA0CF320FA02F018BF40F0010022
:101580004FEAC1234FEAD32303FA0CFC40EA0C00D4
:1015900023FA02F34FEA4303CCE77FEA625307D111
:1015A00050EA01331EBF4FF0FE4040F44000704748
:1015B00001F0004040F0FE4040F40000704700BFE2
:1015C0004FEA40024FEA41037FEA226C02D15FEA10
:1015D000402C08D17FEA236C02D15FEA412C02D172
:1015E0004FF0000070474FF00100704738B50022FF
:1015F000002304460D46FFF70DFF28B92046294673
:10160000BDE8384000F00AB8204605F1004100F07E
:1016100005F8404261EB410138BD00BFD0B50C4B2D
:10162000002206460F46FFF783FCFFF759FF0446EA
:10163000FEF710FF074B0022FFF77AFC02460B462D
:1016400030463946FEF7C8FDFFF74AFF2146D0BDB8
:101650000000F03D0000F04108B50021FFF720FA3E
:1016600010B94FF07E5008BD0048FCE7000080BF75
:1016700084B030B504AC84E80E0088B3044690F81A
:101680002530072B0CD990F82430013303F00703E1
:1016900080F82430072380F82530836A0133836281
:1016A00094F824C094F82550AC440CF0070C0CF1CD
:1016B000010C0CEB8C0C04EBCC0C0CF1040C0DF1BC
:1016C000100EBEE80F00ACE80F00BEE80F00ACE85B
:1016D0000F009EE803008CE80300013584F82550D4
:1016E000BDE8304004B0704708B502464FF40041F1
:1016F000014806F0B2F808BD000002402DE9F041B3
:101700008AB005460E4614461F4628220021684628
:101710000AF0CFF9336A5A1C3262009305F0D6FA08
:10172000079004972CB3276E266FAEB1B04232D922
:10173000861BE36FB34231D3D4F864803046FEF7A2
:10174000B9FF01464046FFF70DF81949FFF70AF8BF
:101750003946FEF7FFFE00E03846019702900390FD
:10176000636E05930696A36F0893CBB900238DF89B
:101770002430AC46EE46BEE80F00ACE80F00BEE8F1
:101780000F00ACE80F009EE803008CE80300284639
:101790000AB0BDE8F08138460026DEE73846DCE7CF
:1017A000204604F01FFE08B90123E0E70023DEE72E
:1017B0006F12833A18B330B593B01346044608ADA0
:1017C0000A4601462846FFF799FFEC460DF12C0E1C
:1017D000BEE80F00ACE80F009EE807008CE80700A9
:1017E00095E80E002046FFF743FF0125257405F01C
:1017F0006DFA60612846FFF777FF13B030BD704780
:1018000098B110B504464FF4B67200210AF051F9B0
:10181000064B63604FF07E53A3600523E360012312
:1018200023620020FFF760FF10BD704700004842B0
:101830002DE9F041069F08B3884615461E4604462A
:1018400012491846FFF74AF900B1666007B1E76030
:101850000798FFF701FFA0602570002323767DB174
:10186000B8F1000F0AD0D8F86010FEF77BFF0146F0
:101870006068FEF76FFEE06101232376BDE8F0812A
:101880001846FFF731FF00232374F7E7CDCCCC3D9A
:1018900038B1002280F8242080F8252082620122BD
:1018A00002627047002855D02DE9F0410D460446EC
:1018B00005F00CFA237C23B16369C01AE3689842EF
:1018C00027D22378002B33D0002D31D0284604F0C6
:1018D00089FD68BB237E0BB3A7683946286EFEF7E7
:1018E00041FF0646D4F81C8001464046FFF7F6F853
:1018F000F0B941463846FEF735FF024629462046F4
:10190000FFF758FF67683946E069FEF723FEE0619C
:1019100018E000202074FFF7E7FED2E7A168286EE8
:10192000FEF720FF6168FEF715FEE06101232376D4
:10193000BDE8F08129463846FEF70CFEE061A36A57
:101940000133A362E56931462846FFF7B3F8002862
:10195000F0D1EDE77047000030B108B531B1044A6D
:10196000FFF728FF012008BD002070470020FAE79C
:101970000000C07F98B330B50C4686468AB390F815
:10198000253083B319B390F824C00CF1010C0CEB93
:101990008C0C0EEBCC0C15460CF1040CBCE80F00C3
:1019A0000FC5BCE80F000FC59CE8030085E80300E5
:1019B000DCB19EF82430013303F007038EF82430A5
:1019C0009EF82530013B8EF8253020460CE090F83B
:1019D00024C09C440CF1FF3C0CF0070CD5E7002020
:1019E0007047002000E0002030BD0120FCE740B13E
:1019F00008B503460020187018741876FFF774FEB7
:101A000008BD704770B504460E4605F05FF90546FF
:101A10002146084805F08AFB50B105F057F9401BF4
:101A2000B042F5D92146034805F05AFB002000E0FA
:101A3000012070BDCC12002008B50D480D4B03608D
:101A40000E23436000238360C3604FF44032026181
:101A500043610376012242768376C2760377437729
:101A600005F04EF900B908BD03F0A6FCFBE700BF86
:101A7000CC1200200064004010B588B0002303930E
:101A800004930593069307930268194B9A4201D079
:101A900008B010BD0024019403F5EA331A6C42F03B
:101AA00000721A641A6C02F000720192019A029498
:101AB0001A6B42F002021A631B6B03F002030293DB
:101AC000029B4FF440730393022304930323069372
:101AD0000923079303A9074805F0BEFD224601210B
:101AE000142005F091FD142005F09EFDD0E700BF05
:101AF000006400400004024000B58BB028220021A1
:101B0000684609F0D6FF0123079308930E23099333
:101B100069460B4805F09AF918B100200BB05DF842
:101B200004FB074805F030FA08B10020F6E702216F
:101B3000034805F0B9FBB0FA80F04009EEE700BFBA
:101B4000CC120020002851D02DE9F0438BB0814603
:101B500002294DD90239CDB24FF000084746AF42B5
:101B600042D20023049305930693079308930993A5
:101B7000029303930193EE1BF6B2072E00D90726BA
:101B800099F8003048EA0323059304230693731C55
:101B9000089399F801308DF80830B91C3246494451
:101BA0000DF109000AF048F805F090F8044601AB81
:101BB00002AA04A90F4805F015FA40B105F086F80D
:101BC000001B0A28F3D900200BB0BDE8F0830A21DE
:101BD0000198FFF717FF0028F5D03E44F7B208F14F
:101BE00001085FFA88F8BAE70120EDE700207047A6
:101BF0000020E9E7CC120020024B1B78DBB2024A3E
:101C000013707047C9120020C812002018B3844610
:101C1000134B1A78D2B2134B1B78DBB29A421CD00A
:101C200010B50F4C237803EB83020F4B03EBC20E6E
:101C3000BEE80F00ACE80F00BEE80F00ACE80F00F4
:101C40009EE803008CE803002378013303F03F0390
:101C50002370012010BD002070470020704700BF96
:101C6000C8120020C9120020C8080020C8B170B5F1
:101C700004460C4E33689D69304605F058FC2060E0
:101C8000304605F06AFC6060A56033689B68E360DD
:101C9000C5F3074323742B0E6374C5F38005A57445
:101CA00070BD7047CC12002002681C4B9A4200D0D5
:101CB000704770B58AB01A4B1C78013404F03F04A9
:101CC000184B1B78DBB2A34214D0154B19781B7844
:101CD00003EB8303DB001833134A134401EB810148
:101CE000043302EBC1020021104805F032FA40B182
:101CF0000AB070BD07AB6A4600210C4805F029FA0E
:101D0000F6E7074E3578EDB204F0E0FF05EB850508
:101D1000054B03EBC50358623470E9E700640040EB
:101D2000C9120020C8120020C8080020CC120020D0
:101D3000002B00F0B6802DE9F04705460F4614460B
:101D4000984622F000405A49FEF7AAFE002840F0CB
:101D5000AA80584B1E68584B19683846FEF7F8FBA6
:101D6000074629462846FEF7FDFC05463946384613
:101D7000FEF7F8FC01462846FEF7ECFB0546214637
:101D80002046FEF7EFFC01462846FEF7E3FB4B4BEF
:101D9000D3F800904946FEF7DDFB494B1968FEF782
:101DA000D7FB054631463046FEF7DCFC01462846A7
:101DB000FEF7CEFB054621462046FEF7CBFB01464B
:101DC0002846FEF783FD054639463046FEF7C0FB40
:101DD0002146FEF77BFD044601463046FEF7C2FC75
:101DE0002946FEF7B7FB00F10041FEF7BBFC824637
:101DF00021462046FEF7B6FC074601464846FEF758
:101E0000B1FC01465046FEF7A5FB01464846FEF7E9
:101E1000A1FB81460021FEF743FE002845D1214663
:101E20002846FEF79FFC01463046FEF791FB8246AE
:101E300048460EF05BFC01465046FEF789FB8146A2
:101E40004FF07E513846FEF785FB01464846FEF7C7
:101E50003DFD074601462046FEF784FC2946FEF775
:101E600079FB00F1004439463046FEF771FB01462C
:101E70002046FEF72BFD0EF053FC1249FEF772FCD4
:101E8000044639463046FEF70BFE40B10E49204667
:101E9000FEF760FBC8F800000120BDE8F0870021D4
:101EA000F5E7002070470020F7E70020F5E700BFC6
:101EB0006F12833AFC12002000130020F812002059
:101EC000F4120020E12E654200003443064B074A1D
:101ED0001A60074B074A1A60074B084A1A60084BFA
:101EE000084A1A60704700BF0013002066900A423B
:101EF000FC1200205A0096C2F81200200000614631
:101F0000F41200200008C34710B584B004AB03E905
:101F1000070001980146FEF725FC04460298014699
:101F2000FEF720FC01462046FEF714FB0EF0DEFB18
:101F30004FF08741FEF7D2FD60B9039C0949204666
:101F4000FEF7AEFD48B900212046FEF7C7FD30B9C7
:101F5000012000E0002004B010BD0020FBE70020BD
:101F6000F9E700BF0000D2C32DE9F04F85B004AC03
:101F700004E9070033B11C4604AB13E90700FFF77F
:101F8000C3FF18B9002005B0BDE8F08F019D029E87
:101F9000039F23463A4631462846FFF7C9FE0028EC
:101FA000F1D04FF03F412846FEF7DCFB804619494F
:101FB0003046FEF7D7FB81464FF03F413046FEF7F3
:101FC000D1FB064613492846FEF7CCFB054604F133
:101FD000040B01463046FEF7BBFA824649464046AE
:101FE000FEF7B8FA5B463A465146FFF7A1FE0028D5
:101FF000C9D0083429463046FEF7ACFA05464946B2
:102000004046FEF7A5FA23463A462946FFF790FEDA
:10201000B9E700BFD7B35D3F2DE9F04F8FB00EACED
:1020200004E907000593002B00F0B6813A490B98AC
:10203000FEF798FB064638490C98FEF793FB0546D9
:1020400035490D98FEF78EFB804630460EF074FC45
:102050003249FEF787FB3249FEF77CFA044600F16D
:102060000042049230460EF0A3FC2E49FEF77AFBA4
:10207000019028460EF060FC2849FEF773FB2849C2
:10208000FEF768FA4FF07C51FEF76CFB06462649D6
:10209000FEF768FB834628460EF08AFC2149FEF7CE
:1020A00061FB814640460EF047FC1C49FEF75AFB97
:1020B0001B49FEF74FFA4FF07C51FEF753FB0546E4
:1020C00000F100401849FEF74DFB074640460EF070
:1020D0006FFC1449FEF746FB804631462046FEF76A
:1020E00039FA02903946FEF73DFB824629462046E2
:1020F000FEF730FA03905946FEF734FB014650468E
:10210000FEF726FA824620F000400849FEF7C8FC98
:10211000002840F043810BE035FA8E3C0000F0428D
:102120004D7021420000F0C2D7B3DD3F6F12833AF9
:1021300021462046FEF716FB044601990846FEF7A5
:1021400011FB069001462046FEF704FA0790594617
:102150005846FEF707FB044631463046FEF702FBC1
:1021600001462046FEF7F6F9044649464846FEF782
:10217000F9FA01462046FEF7EDF90890394638464F
:10218000FEF7F0FA044629462846FEF7EBFA014628
:102190002046FEF7DFF9044641464046FEF7E2FAE4
:1021A00001462046FEF7D6F90990019E3146484681
:1021B000FEF7CEF9044601460398FEF7D3FA05462A
:1021C00031464046FEF7C4F90A9001460298FEF7F0
:1021D000C9FA01462846FEF7BBF90646DDF81C8021
:1021E00041460898FEF7B4F9814601460398FEF788
:1021F000B9FA054641460998FEF7AAF98046014614
:102200000298FEF7AFFA01462846FEF7A1F900F161
:1022100000404FF07C51FEF7A5FA054604F100405E
:102220003946FEF79FFA044659460A98FEF79AFA8D
:1022300001462046FEF78EF9044639464846FEF729
:1022400091FA074659464046FEF78CFA0146384651
:10225000FEF77EF94FF07C51FEF784FA8146314655
:102260003046FEF77FFA074621462046FEF77AFA07
:1022700001463846FEF76EF9074651465046FEF7CE
:1022800071FA804601463846FEF764F983462946CE
:102290003046FEF767FA074651460498FEF762FAA1
:1022A0000146CDF808904846FEF752F9814621468E
:1022B000FEF758FA01463846FEF74CF907465146F4
:1022C0000198FEF74FFA5146FEF74CFA01463846A0
:1022D000FEF73EF90146FEF73DF9074649464846F6
:1022E000FEF740FA814629462846FEF73BFA0146AA
:1022F0004846FEF72FF981462A490698FEF728F945
:1023000001464046FEF72EFA01464846FEF722F9FE
:10231000814639463846FEF725FA80464FF081411E
:102320005846FEF71FFA4946FEF71CFA014640469A
:10233000FEF70EF980460021FEF7B2FB80BB404657
:102340000EF0D4F93946FEF705F94FF03F41FEF79C
:1023500009FA5946FEF7BAFA0746DDF81480C8F8BC
:1023600008003146FEF7FEF92946FEF7F3F851461C
:10237000FEF7ACFAC8F8000021463846FEF7F2F93D
:102380000299FEF7E7F85146FEF7A0FAC8F80400F4
:1023900001200FB0BDE8F08F0020FAE70020F8E739
:1023A0000020F6E70008C34770B504460E46154600
:1023B000FEF776FB30B929462046FEF78FFB18B9A9
:1023C000204670BD3046FCE72846FAE718B180F891
:1023D000C010C0F8BC207047F0B170B50C4615466F
:1023E0000646C06CFEF766FB80B12146306DFEF7F5
:1023F0006BFB68B12946706DFEF75CFB50B1294656
:10240000B06DFEF761FB10B1012000E0002070BD4F
:102410000020FCE70020FAE700207047002800F0C9
:10242000DC802DE9F04F83B00E460446002900F011
:10243000CD8090F87430002B00F0C880D0F8109058
:10244000D0F88810306EFEF783F801464846FEF754
:1024500089F98046C4F8A800E16FFEF77BF861684F
:10246000FEF776F8A168FEF775F80546C4F88C000B
:10247000E168D4F88000FEF76DF80746C4F89000D4
:10248000D4F814A029465046FEF762F8C4F8940028
:10249000716E4846FEF766F90646C4F89C00D4F80B
:1024A00038904FF07E514846FEF718FBE0B1D4F863
:1024B00040B0E36B019319465846FEF70FFB98B105
:1024C00001995846FEF744F8834644494846FEF7CA
:1024D00049F901465846FEF7F9F9024600F1004174
:1024E0003046FFF761FF0646D4F8A0B000215846F9
:1024F000FEF7CCFA002853D0C4F8A060D4F8A0604E
:1025000026F0004635494846FEF72CF9014630468C
:10251000FEF728F9E16BFEF71DF80026226C314624
:10252000FFF742FF0146C4F898005046FEF710F846
:102530008146C4F8A400D4F8AC104046FEF708F871
:10254000C4F8B0003146FEF7ABFA002838D13A465D
:1025500029462046FFF740FF84F8B4004FF00106FB
:10256000A169D4F8B000FEF7AFFA08B94FF0000641
:10257000F3B284F8B56033B3A16C4846FDF7E8FFC9
:1025800001462846FEF7A0FA18B3616C5046FDF7E5
:10259000E1FF01462846FEF78DFAE0B9002313E07B
:1025A0000F495846FEF7DEF883460E493046FEF7DF
:1025B000D9F801465846FDF7CDFFC4F8A0009DE7C5
:1025C000C4F8B060C3E7002384F8B63003B0BDE8B8
:1025D000F08F0023F8E70123F6E770476F12833A84
:1025E000CDCC4C3FCDCC4C3E28B1002242700022D5
:1025F000026142618261704730B591B00DF1140CF7
:102600008CE80E00E8B10446057F00238DF83F30CA
:10261000012303770DF13F03029309AB01930CAB48
:1026200000939CE80E0003F0CFFC257720B19DF8C5
:102630003F3023B9002000E0002011B030BD012060
:10264000FBE70020F9E7000070B58AB0002839D018
:102650000D4614460646002936D0002A36D0D0F85A
:102660008C200792D0F89020089209930AAB13E9C6
:102670000E002846FFF7C0FF0546C0B1D6F8A030CF
:102680000493002305930693012323700E9AA262FC
:10269000039304AB93E807008DE807000AAB13E946
:1026A0000E00204600F066FB28460AB070BD084BBD
:1026B000C6F8C43004F00AFB02460A213046FFF790
:1026C00085FEF1E70025EFE70025EDE70025EBE7C4
:1026D0003016010800B583B0D0F828C0CDF800C08E
:1026E000C369FFF7B1FF03B05DF804FB00B583B029
:1026F000D0F82CC0CDF800C0FFF7A6FF03B05DF8FE
:1027000004FB000080B3002180F874104FF0FF320A
:1027100082670022C267C0F88020C0F88420C0F819
:102720008820C0F88C20C0F89020C0F89420C0F811
:102730009820C0F89C20C0F8A020C0F8A420C0F8C1
:10274000A820C0F8AC20C0F8B02080F8B41080F801
:10275000B51080F8B610C0F8B810C0F8BC1080F8FA
:10276000C010024AC0F8C420704700BF3C160108E0
:10277000002844D038B5044600250570204B43603E
:1027800000238360C3604FF07E52026143611D4AA3
:1027900082611D4AC2611D49016242621C4A826215
:1027A0001C4AC2621C49016343638263C3631B4BBF
:1027B00003641B4B43644FF080438364194AC26433
:1027C000194B0365426583654FF4FA53C365502383
:1027D0000366782343663C228266C366012380F841
:1027E0007030FFF78FFF84F8C050104BC4F8C4302E
:1027F000C4F8C850C4F8CC50C4F8D05038BD7047A5
:10280000D7A38C4300007042000096C30080C0C371
:1028100000007A4300003443000096430000F0417A
:102820000000C8410000BEC20000BE423C160108C4
:1028300030B108B5017001B108BDFFF763FFFBE7D8
:10284000704700002DE9F04708B30D4690461F463B
:102850000446A1B1067896B190F87430DBB190F8D7
:10286000C030092B17D00A2B15D0D0F8D030013347
:10287000C0F8D0302C4BC0F8C430002608E0D4F8A3
:10288000D0300133C4F8D030284BC4F8C43000260F
:102890003046BDE8F087284603F0A4FD48B1D4F8DF
:1028A000D0300133C4F8D030214BC4F8C4300026F6
:1028B000EEE704F00BFA81464FF0010A84F874A0A9
:1028C000099BA367C4F87C80C4F88070089BC4F897
:1028D00084302B6EC4F88830C4F8B800C4F8BC004B
:1028E000696E2069FDF73EFFC4F89C000027C4F81C
:1028F000A070D4F8C8305344C4F8C8300D4BC4F8A5
:10290000C43029462046FFF789FDD4F8A830C4F822
:10291000AC30C4F8B070002384F8B5304A46514654
:102920002046FFF753FDB3E750160108441601088F
:10293000581601083C160108002800F04F812DE9C7
:10294000F0410C461646054629B122B1037813B171
:1029500090F874300BB9BDE8F08104F0B7F9074680
:10296000204602F097FF40BB204603F03BFD68BBCA
:10297000D5F8B830FB1AEA6D93420BD995F8C03000
:10298000092B07D00A2B05D0062B03D0072B01D02B
:10299000082B24D121462846FFF740FD95F8C0308A
:1029A000013B072BD7D8DFE813F0230023004300B7
:1029B0006C008100BD00D300F200894BC5F8C43023
:1029C0003A460A212846FFF701FDC4E7854BC5F8C2
:1029D000C4303A460A212846FFF7F8FCBBE7824B91
:1029E000C5F8C4303A460A212846FFF7EFFCB2E7A3
:1029F00095F8B430B3B1D5F8A830C5F8AC300023A1
:102A0000C5F8B030002385F8B53032462146284657
:102A1000FFF760FE00289ED03A4603212846FFF7C4
:102A2000D5FC98E73A4602212846FFF7CFFC92E70B
:102A300095F8B4309BB1324621462846FFF74AFE4E
:102A4000002888D02A6BD5F88410204603F0BCFB00
:102A500070B13A4604212846FFF7B8FC7BE7634B88
:102A6000C5F8C4303A460A212846FFF7AFFC72E7A2
:102A70005F4BC5F8C4303A460A212846FFF7A6FC4A
:102A800069E7324621462846FFF724FE00283FF436
:102A900062AFD5F8BC30FB1A2A6E9342FFF45BAFED
:102AA0003A4605212846FFF791FC54E795F8B430E3
:102AB00033B3324621462846FFF70CFE00283FF488
:102AC0004AAFD5F88C80696C6869FDF743FD014613
:102AD0004046FEF703F8E0B995F8B630002B3FF416
:102AE0003AAF2B6A324621462846FFF7FFFD002801
:102AF0003FF431AF3A4606212846FFF767FC2AE744
:102B00003A4BC5F8C4303A460A212846FFF75EFC26
:102B100021E7384BC5F8C4303A460A212846FFF76A
:102B200055FC18E72B6A324621462846FFF7DEFDA2
:102B300000283FF410AFD5F8BC30FB1A6A6E934200
:102B4000FFF409AF3A4607212846FFF73FFC02E7AA
:102B50002B6A324621462846FFF7C8FD00283FF47D
:102B6000FAAED5F8BC30FB1AAA6E9342FFF4F3AE6E
:102B70006B6A324621462846FFF7B8FD00283FF42D
:102B8000EAAE3A4608212846FFF720FCE3E66B6AE6
:102B9000324621462846FFF7A9FD00283FF4DBAE68
:102BA000D5F8BC30FB1AEA6E9342FFF4D4AE95F828
:102BB00070306BB93046FFF717FDD5F8CC300133D4
:102BC000C5F8CC303A4609212846FFF7FFFBC2E69C
:102BD0002A6B696B204603F0F7FAEBE7704700BFFA
:102BE000681601085816010874160108AC16010889
:102BF000801601088C1601080A281BD8DFE800F0AF
:102C0000061C080A0C0E1012141618000B48704708
:102C10000B4870470B4870470B4870470B4870478C
:102C20000B4870470B4870470B4870470B4870477C
:102C30000B4870470B4870470B48704798160108BF
:102C4000A8160108B8160108C0160108C816010820
:102C5000D0160108D8160108E0160108E816010888
:102C6000F0160108F8160108A0160108002837D050
:102C700010B503460024047044704FF0000CC0F8F7
:102C800004C0C0F808C0C0F80CC0C0F810C0C0F83C
:102C900014C0C0F818C000F11C0E021D07CA8EE84F
:102CA0000700104A9A62DA624FF07C521A630E4AA9
:102CB0005A63C3F838C0C3F83CC0C3F840C01922F7
:102CC0005A649C64DC641C655C654FF496729A657A
:102CD000DC651C665C66054A9A6683F86C4010BD2C
:102CE000704700BF000096430000A0403C1601085A
:102CF000F8B50A9F002834D015461E4604460170D8
:102D000000292FD000211046FDF7E8FE00B1A56292
:102D100000213846FDF7E2FE38B3E762042E00D901
:102D2000666400210698FDF7CFFE08B1069B236379
:102D300000210798FDF7D2FE08B1079B6363089B4B
:102D4000312B00D9A365099BB3F5FA7F00D8A364A2
:102D500003F0BCFFE06400236365054AA26684F8C3
:102D60006C30F8BD00234370FBE7A76AD5E700BFCE
:102D70003C16010870B584B004AC04E90E009DF85F
:102D80002C60002852D0044603F0A0FF054626BB65
:102D90006378002B4CD0206D281A24D0FDF78AFCD4
:102DA0002649FDF793FD064661680198FDF7D0FBC3
:102DB0003146FDF78BFD2061A1680298FDF7C8FB45
:102DC0003146FDF783FD6061E1680398FDF7C0FBC4
:102DD0003146FDF77BFDA06105E004F1100308AA70
:102DE00007CA83E80700E66804F1040C01AB93E826
:102DF00007008CE8070004F11C0C8CE80700012395
:102E000063702565E36D0133E3650D4BA366002315
:102E100084F86C3031460398FDF79AFB20F00045AA
:102E200008492846FDF75AFE00B1256404B070BD7C
:102E3000002323616361A361D5E700BF00007A44EA
:102E40003C1601080AD7233C034620B1026E01322A
:102E5000026609B1996670470049FBE7F816010858
:102E600050B110B5044643780BB9002010BD03F0F3
:102E70002DFF236DC01AF9E70020704790B110B5FF
:102E80000446007820B194F86C0008B9607800B965
:102E900010BD2046FFF7E4FFA36D984294BF0020C9
:102EA0000120F5E700207047002800F054812DE94B
:102EB000F04F97B00D46044619B103780BB1437833
:102EC00013B917B0BDE8F08F03F000FF0646236D7D
:102ED000C31AA26D934200F22781E36CC31A626C9D
:102EE0009342EED395E8070016AB03E90700A06C08
:102EF000FDF7E0FB9849FDF7E9FC0746D4F80480AC
:102F000001462069FDF72EFC01464046FDF722FBF5
:102F10001090D4F8088039466069FDF723FC01461B
:102F20004046FDF717FB1190D4F80C803946A06994
:102F3000FDF718FC01464046FDF70CFB12900DAB67
:102F400010AA07CAFFF710F8002800F0F58004F176
:102F50001C0310AA07CA83E80700139B05931946B0
:102F6000E069FDF7F5FA07460790149B06931946AA
:102F7000206AFDF7EDFA80460890159B04931946E8
:102F8000606AFDF7E5FA824639463846FDF7EAFB06
:102F9000074641464046FDF7E5FB01463846FDF74A
:102FA000D9FA0DF0A3FB07460146FDF7DBFB80468F
:102FB00051465046FDF7D6FB01464046FDF7CAFA9A
:102FC0000DF094FB0146A063E7632AF00048C4F8C3
:102FD0004080206BFDF778FD002840F0B480E36C62
:102FE000F31AD4F8449009EB89025008B3EB520F5E
:102FF00000D81846FDF75EFB02905849FDF7B2FB7A
:103000000390D4F834B04846FDF754FB01460298CB
:10301000FDF75CFC01465846FDF7A4FB0290D4F88E
:1030200028B003995846FDF79DFB8146014602985A
:10303000FDF736FD08B1DDF8089039464846FDF742
:103040004DFD00B1B9460399E06AFDF78BFB09908D
:1030500001460298FDF724FD08B9099B02930299E5
:103060004046FDF71DFD08B9DDF808800AAB16AA39
:1030700012E9070083E8070039493846FDF72EFDBD
:10308000B0B139464846FDF721FC0746014607988E
:10309000FDF768FB01460598FDF75CFA0A90394692
:1030A0000898FDF75FFB01460698FDF753FA0B9071
:1030B00000215046FDF708FD002849D041460498FC
:1030C000FDF748FA0C9049464846FDF74BFB07468A
:1030D00041464046FDF746FB01463846FDF73AFAC1
:1030E0000DF004FB0399FDF7F1FB07460146584636
:1030F000FDF7F4FC00B9BB462F7F01232B77CDF8F9
:1031000000B00AAB0ECB284603F04DF82F77E36CE6
:10311000F31A6365E66400287FF4D3AE636E01336F
:103120006366104BA366CCE6002363700E4BA36668
:10313000012384F86C30C4E604F11C03221D07CA85
:1031400083E8070009E7E36CF31A6365E664B8E611
:1031500008F10041B3E7704700007A446F12833AE8
:10316000BD3786350017010878160108202804D0DD
:10317000092804D028B90120704701207047012098
:103180007047002070470000B1B138B504460D46C5
:103190000D49FDF77BFC88B900212046FDF780FC36
:1031A00070B90A492046FDF799FC58B92046FDF749
:1031B000C5FC2870012002E000207047002038BDC7
:1031C0000020FCE70020FAE76020714900007F43FF
:1031D0000B46E1B1EAB1012805D0022809D0032845
:1031E0000ED0002070474FF07E5119600A4B1360DB
:1031F00070474FF07E511960074B136001207047F4
:103200004FF07E511960044B13600120704700207D
:1032100070470020704700BF0000A040F8B504468A
:1032200016461D46069F00230360436083600B7FA4
:1032300013B107C984E8070009493046FDF726FCA9
:1032400000B9266006492846FDF720FC00B96560F4
:1032500003493846FDF71AFC00B9A7602046F8BDBF
:103260006020714908B5024803F0C4FA08BD00BFE8
:103270000C17010882B02DE9F047BEB013AC84E80A
:10328000070047939DF828A11398FDF705F9CDE9AC
:103290000E011498FDF700F9CDE910011598FDF71E
:1032A000FBF804460D464798FDF7F6F806460F462C
:1032B0004898FDF7F1F8804689464998FDF7ECF803
:1032C000BAF1000F1ED001230C93CDE90A01CDE91C
:1032D0000889CDE90667CDE90445DDE91034CDE97B
:1032E0000234DDE90E34CDE90034074AA02116A8E6
:1032F00008F068FB16A803F07DFA3EB0BDE8F04781
:1033000002B070470023DFE71417010800B591B041
:10331000034650B1064A4021684608F053FB684610
:1033200003F068FA11B05DF804FB024BF2E700BF4E
:103330004C170108F81601082DE9F047C4B0002821
:1033400032D004460378002B32D001256068FDF7A7
:10335000A3F806460F46A068FDF79EF8804689460A
:10336000D4F80CA0E069FDF797F894F82520D4F87C
:1033700028C0237CF3B101230A93CDF824C008921E
:10338000CDE90601CDF810A0CDE90289CDE90067AD
:103390002B46094AE0210CA808F014FB0CA803F006
:1033A00029FA44B0BDE8F0870448FFF7AFFFF8E71B
:1033B0000025CBE70023DFE768170108581701084D
:1033C0002DE9F04FCFB0002859D004464FF07E537E
:1033D0001593149314AA15A90078FFF7F9FE002895
:1033E00051D0666815993046FDF7BCF9149F3946EF
:1033F000FDF76CFA13903749FDF7AAF8054694F8E3
:103400000080A368227B617BA07B94F80FC094F8B6
:1034100010E094F8119094F812A094F813B0247D61
:103420001194CDF840B0CDF83CA0CDF83890CDF84F
:1034300034E0CDF830C00B900A91099208933846D9
:10344000FDF72AF8CDE906012846FDF725F8CDE974
:1034500004011398FDF720F8CDE902013046FDF78D
:103460001BF8CDE9000143461B4AE02116A808F0ED
:10347000A9FA16A803F0BEF94FB0BDE8F08F1748BF
:10348000FFF744FFF8E72578227B617BA07BE67B92
:10349000277C637C94F812E094F8138094F81490DD
:1034A000CDF82C90CDF82880CDF824E0089307972C
:1034B0000696059004910392A36802936068FCF756
:1034C000EBFFCDE900012B46054AE02116A808F0E4
:1034D00079FACEE78FC2E540D8170108D017010866
:1034E0005C18010810B502F0D5F9044608B9204669
:1034F00010BD0248FFF70AFFF9E700BF6816010890
:1035000030B58FB00DF1140C8CE80E00129B80B119
:10351000044683B1057F01220277029308AB019331
:103520000BAB00939CE80E0002F04EFD25770FB028
:1035300030BD0020FBE70020F9E7C8B110B5144604
:103540000346B9B112B9002011E0013318782028E0
:10355000FBD00928F9D0472801D04D280CD108709C
:103560000A220021581C08F061F92060012010BDDA
:10357000002070470020FAE70020F8E768B3F0B5B4
:1035800083B00D46164604460ABB002023E00134F2
:103590002378202BFBD0092BF9D0AB4211D16078D6
:1035A000FFF7E4FD68B900230193671C01A93846C1
:1035B00008F06AF8019B9F4203D0306001200AE0C6
:1035C0000134207818B1FFF7D1FD0028F8D0237816
:1035D000002BDDD1002003B0F0BD00207047002893
:1035E00033D02DE9F04182B00D4616461F46044601
:1035F0002BBB002026E0013420782028FBD00928AE
:10360000F9D0A84215D16378B34212D1A078FFF760
:10361000ADFD70B90023019304F1020801A94046F1
:1036200008F032F8019B984503D03860012009E08A
:103630000134207818B1FFF799FD0028F8D02078E0
:103640000028D9D102B0BDE8F08100207047000009
:103650002DE9F04FADF53B7D002800F0C880044611
:10366000FFF7FEFB49902046FFF708FC80462378D1
:10367000002B00F0C0804FF001096378002B00F0B0
:10368000BD804FF0010A6068FCF706FFCDE92C0110
:10369000A068FCF701FFCDE92E01E068FCF7FCFE15
:1036A000CDE930012069FCF7F7FECDE93201606910
:1036B000FCF7F2FECDE93401E069FCF7EDFECDE95F
:1036C0003601206AFCF7E8FECDE93801606AFCF7B4
:1036D000E3FECDE93A01A06AFCF7DEFECDE93C014C
:1036E000E06AFCF7D9FECDE93E01656C206BFCF782
:1036F000D3FECDE94001606BFCF7CEFECDE942017F
:10370000A66CA76DB8F1000F7BD04FF0010BD4F879
:103710005480E06BFCF7C0FECDE94401206CFCF75F
:10372000BBFECDE94601A06BFCF7B6FEE26DD4F816
:1037300060C0D4F864E0A36E002B65D02B93CDF865
:10374000A8E0CDF8A4C02892CDE92601DDE94634F1
:10375000CDE92434DDE94434CDE92234CDF880804C
:10376000CDF87CB01E97499B1D931C96DDE9423431
:10377000CDE91A34DDE94034CDE918341695DDE998
:103780003E34CDE91434DDE93C34CDE91234DDE9D1
:103790003A34CDE91034DDE93834CDE90E34DDE9D1
:1037A0003634CDE90C34DDE93434CDE90A34DDE9D1
:1037B0003234CDE90834DDE93034CDE90634DDE9D1
:1037C0002E34CDE90434DDE92C34CDE90234CDF8D2
:1037D00000A04B460D4A4FF4E0714AA808F0F2F8F9
:1037E0004AA803F007F80DF53B7DBDE8F08F0848C7
:1037F000FFF78CFDF7E74FF000093EE74FF0000AB6
:1038000041E74FF0000B82E7024B97E7C41801082D
:10381000B41801083C1601082DE9F047F8B000285B
:1038200054D00C468046002950D003F04FFAD4F80B
:103830001C90A0EB0905D4F800A0A068FCF72CFEB2
:10384000CDE912016068FCF727FECDE91401E068BC
:10385000FCF722FECDE916012069FCF71DFE0646A5
:103860000F466069FCF718FEA36994F82420002A2B
:1038700030D00122246A98F825C0D8F828E0CDF885
:1038800040E0CDF83CC00E940D920C95CDF82C90F4
:103890000A93CDE90801CDE90667DDE91634CDE9E3
:1038A0000434DDE91434CDE90234DDE91234CDE924
:1038B00000345346084A4FF4C07118A808F082F843
:1038C00018A802F097FF78B0BDE8F0870348FFF72B
:1038D0001DFDF8E70022CDE7F4190108EC190108F5
:1038E0002DE9F04FDBB0002856D00446056F002DBF
:1038F00056D194F850B094F85130002B55D04FF079
:10390000010A606DFCF7C8FDCDE91201A06DFCF75E
:10391000C3FDCDE91401206EFCF7BEFDCDE9160113
:10392000606EFCF7B9FDCDE91801A06EFCF7B4FD9F
:1039300006460F46E06EFCF7AFFD804689462046FE
:1039400002F050FD002833D00123A26F10920F9394
:103950000E95CDE90C89CDE90A67DDE91834CDE98A
:103960000834DDE91634CDE90634DDE91434CDE957
:103970000434DDE91234CDE90234CDF800A05B4611
:103980000C4A4FF480711AA808F01CF81AA802F02B
:1039900031FF5BB0BDE8F08F0748FFF7B7FCF8E7F1
:1039A00003F094F9236FC51AA3E74FF0000AA8E7C4
:1039B0000023CAE78C1A01087C1A01082DE9F04F90
:1039C000ADF2944D002800F0218104460378002BCD
:1039D00000F02081012794F8C000FFF70DF939901D
:1039E00094F87430002B00F017810125D4F878B0DA
:1039F000E06FFCF751FDCDE93A01D4F88000FCF707
:103A00004BFDCDE93C01D4F88C00FCF745FDCDE938
:103A10003E01D4F89000FCF73FFDCDE94001D4F819
:103A20009400FCF739FDCDE94201D4F89800FCF789
:103A300033FDCDE94401206CFCF72EFDCDE94601B4
:103A4000D4F8A400FCF728FDCDE948016669616C53
:103A50003046FCF77FFDFCF71FFDCDE94A01D4F8A5
:103A6000B000FCF719FDCDE94C01A069FCF714FD8D
:103A7000CDE94E0194F8B630002B00F0CF804FF026
:103A8000010894F8B530002B00F0CB804FF001090D
:103A900094F8B430002B00F0C7804FF0010AD4F83E
:103AA0009C00FCF7F9FCCDE95001D4F8A000FCF72C
:103AB000F3FCCDE95201D4F88800FCF7EDFCCDE928
:103AC00054013046FCF7E8FCCDE956016068FCF78C
:103AD000E3FCCDE95801A068FCF7DEFCCDE95A0112
:103AE000E068FCF7D9FCCDE95C012069FCF7D4FC67
:103AF000CDE95E01E069FCF7CFFCCDE96001206A09
:103B0000FCF7CAFCCDE96201606AFCF7C5FCD4F899
:103B1000CC20D4F8C860D4F8D0E0D4F8C430002B5E
:103B200000F085803793CDF8D8E035963492CDE912
:103B30003201DDE96234CDE93034DDE96034CDE9CC
:103B40002E34DDE95E34CDE92C34DDE95C34CDE999
:103B50002A34DDE95A34CDE92834DDE95834CDE999
:103B60002634DDE95634CDE92434DDE95434CDE999
:103B70002234DDE95234CDE92034DDE95034CDE999
:103B80001E34CDF870A0CDF86C90CDF86880DDE9DA
:103B90004E34CDE91834DDE94C34CDE91634DDE995
:103BA0004A34CDE91434DDE94834CDE91234DDE995
:103BB0004634CDE91034DDE94434CDE90E34DDE995
:103BC0004234CDE90C34DDE94034CDE90A34DDE995
:103BD0003E34CDE90834DDE93C34CDE90634DDE995
:103BE0003A34CDE90434CDF808B00195399B0093FF
:103BF0003B46104A4FF4407164A807F0E3FE64A806
:103C000002F0F8FD0DF2944DBDE8F08F0A48FFF781
:103C10007DFBF7E70027DEE60025E7E64FF000082A
:103C20002FE74FF0000933E74FF0000A37E7034B67
:103C300078E700BF101B0108041B01083C160108AF
:103C400070B5ACB027A8FEF711F8279B28992998E2
:103C50009DF8AC409DF8AD509DF8AE209AB101267C
:103C60002A9AC2F382620592049603950294019007
:103C70000091064A802107A807F0A4FE07A802F0D9
:103C8000B9FD2CB070BD0026EAE700BF3C1C01085E
:103C900070B5A8B026A801F03BFB9DF898309DF8C0
:103CA00099209DF89A109DF89B009DF89C409DF8E6
:103CB0009D509DF89E6086B101260596049503945B
:103CC000029001910092064A802106A807F07AFE30
:103CD00006A802F08FFD28B070BD0026EDE700BFFA
:103CE000841C010870B5AEB028B3044690F880007B
:103CF00001F04EFE0546204601F0CCFDF8B101264C
:103D000094F8823094F8832094F9881094F989000B
:103D100094F98A40059404900391029201930096CD
:103D20002B46084AA02106A807F04CFE06A802F080
:103D300061FD2EB070BD0448FFF7E8FAF9E70026F0
:103D4000DEE700BFD41C0108C81C010800B5ADB0F7
:103D500001F0D8FA88B101230293094B0193094B72
:103D60000093094B094AA02104A807F02BFE04A8E0
:103D700002F040FD2DB05DF804FB0023ECE700BF2E
:103D8000841D0108901D0108141D0108501D010823
:103D9000002801F02C822DE9F04FE5B00E461446C4
:103DA0001F460546002900F06181002A00F05E816F
:103DB000002B00F05B816E9B002B00F05781AF4918
:103DC000FDF754F8002800F03481AD492846FDF78E
:103DD0004DF8002800F0318100238DF88F31629377
:103DE00062AA0DF28F112846FFF7A7FB8046002834
:103DF00000F03F81A34A619260925F925E925D9271
:103E00005C925B925A92599258925792569255925E
:103E1000549253925292519250924F924E924D928E
:103E20004C924B9261AA58212846FFF7A7FB60AA43
:103E300059212846FFF7A2FB5FAA5A212846FFF71F
:103E40009DFB5EAA46212846FFF798FB5DAA5321F9
:103E50002846FFF793FB5CAA50212846FFF78EFB0C
:103E60005BAA44212846FFF789FB5AAA522128461B
:103E7000FFF784FB59AA41212846FFF77FFB58AA88
:103E800049212846FFF77AFB57AA54212846FFF715
:103E900075FB56AA56212846FFF770FB55AA4C2100
:103EA0002846FFF76BFB54AA51212846FFF766FB13
:103EB00053AA4B212846FFF761FB52AA57212846F7
:103EC000FFF75CFB51AA43212846FFF757FB50AA96
:103ED00055212846FFF752FB4FAA42212846FFF7FB
:103EE0004DFB4EAA48212846FFF748FB4DAA4A2120
:103EF0002846FFF743FB4CAB582256212846FFF7D4
:103F00006EFB4BAB592256212846FFF768FB9DF804
:103F10008F31472B00F0C080472B00F0E380472B08
:103F200000F0FA80472B00F00081472B00F006815B
:103F30004D2B00F021814D2B00F034814D2B00F0F2
:103F40004A814D2B00F059814D2B00F0E5814D2B1E
:103F500000F088824D2B00F08F824D2B00F0B5824F
:103F60004D2B00F0E4824D2B00F0F2824D2B00F03F
:103F700001834D2B00F052834D2B00F059834D2BC4
:103F800000F0A4834D2B00F0BE834D2B00F0ED8399
:103F90004D2B00F0FB834D2B00F03A844D2B00F0AD
:103FA000F0844D2B00F007854D2B00F061854D2BE3
:103FB00000F070854D2B00F0C0854D2B00F0DF85A3
:103FC0004D2B00F0FC854D2B00F028864D2B00F08A
:103FD0005C864D2B00F0B8864D2B00F0D3864D2B20
:103FE00000F0FF864D2B00F00F874D2B00F044872B
:103FF0004D2B00F06E874D2B00F0A2874D2B00F06B
:10400000D2874D2B00F0D9874D2B00F0F9874D2B2F
:1040100001F01E804D2B01F0A1804D2B05D1629A3D
:1040200040F2E3339A4201F0DE801748FFF76EF961
:104030001CE0164802F0DEFB18E034687568B068D2
:10404000FCF72AFACDE904012846FCF725FACDE968
:1040500002012046FCF720FACDE900010C4A60215C
:104060001BA807F0AFFC1BA802F0C4FB65B0BDE8BD
:10407000F08F0848FFF74AF9F8E700BF9C1D0108D8
:10408000B41D01086020714958200108A41D0108D1
:10409000C01D0108F8160108629A012A3FF63CAFDC
:1040A0003046FFF71FFA0028E0D15F9B0093609B2A
:1040B000619A31461BA8FFF7B1F85E9C8C492046F7
:1040C000FCF7E4FC00B100241BAB00940ECB30469F
:1040D00002F058F818B98748FFF718F9C6E7FFF754
:1040E000C1F8C3E7629A1C2A7FF419AF4FF07C51E4
:1040F0005D98FCF7DFFC18B17F48FFF707F9B5E7DB
:10410000304601F00EFC18B17C4802F073FBADE7BD
:104110007B48FFF7FBF8A9E7629A5A2A7FF402AFBF
:1041200001233377FFF79EF8A0E7629A5B2A7FF4BA
:10413000FCAE00233377FFF795F897E7629A5D2A84
:104140007FF4F6AE34687568B068FCF7A5F9CDE980
:1041500004012846FCF7A0F9CDE902012046FCF74E
:104160009BF9CDE90001674A60211BA807F02AFCF2
:104170001BA802F03FFB79E7629A112A7FF4DBAEBD
:104180003046FFF7AFF900287FF470AF01213046C9
:1041900001F040FB10B1FFF765F867E75A48FFF7F9
:1041A000B5F863E7629A542A7FF4C8AE3046FFF749
:1041B00099F900287FF45AAF6E98FDF718FC00219A
:1041C000304601F027FB10B1FFF74CF84EE74F489F
:1041D000FFF79CF84AE7629A702A7FF4B2AE6E98B5
:1041E000FDF705FC304601F061FB10B1FFF73AF82E
:1041F0003CE74748FFF78AF838E7629AB2F52F7F25
:104200007FF4A2AE5D9F4FF001054FF07C51384620
:10421000FCF764FC08B94FF00005EDB24FF07C519B
:104220003846FCF75BFC002850D15E9E3049304692
:10423000FCF72CFC00B100265C9F2D493846FCF7AA
:1042400025FC002849D13846FCF778FC11905B9F8B
:1042500027493846FCF71AFC00B12E4FDDF868817B
:1042600023494046FCF712FC08B14FF00008DDF886
:104270005C911F494846FCF709FC88BB4846FCF79F
:104280005DFC8246DDF8549119494846FCF7FEFB77
:1042900048B3D4F848B0DDF87C9115494846FCF79E
:1042A000F5FB08B14FF00009CDF81090CDF80CB037
:1042B000CDF808A0CDF804800097119B324629461E
:1042C0002046FEF715FDFEF7CDFFCFE63046FFF79F
:1042D00009F900287FF4CAAEA7E700231193B6E7D7
:1042E0004FF0000ACEE74846FCF728FC8346D2E7A9
:1042F0006020714984160108DC1D0108E81D0108D1
:10430000F81D0108041E0108181E0108201E0108DE
:10431000281E0108000080BF629940F2BD22914230
:104320007FF415AE549D304601F0B4FA8046002863
:1043300058D116AB96E8070083E80700DDF88491B2
:10434000A8494846FCF7A2FB00285BD1609FA5491D
:104350003846FCF79BFB002854D1CDF858901797AE
:104360005F9FA0493846FCF791FB00B9189713AA44
:1043700000238DF84C3016AB00920ECB3046FFF781
:10438000BFF800284ED09DF84C60002E5AD0002374
:104390001B931C931D93DDF8309192494846FCF71E
:1043A00075FB48B94B9F8F493846FCF76FFB18B92E
:1043B000CDF86C901C97B04616ABCDF80C801BAABC
:1043C00007CA8DE807000ECB2046FEF7D3FC4FF05E
:1043D0007C512846FCF782FB00287FF447AEFEF7AD
:1043E00041FF43E680492046FEF72EFD4FF07C5109
:1043F0002846FCF773FB00287FF438AE7A48FEF7B6
:1044000085FF33E679492046FEF71EFD4FF07C51CB
:104410002846FCF763FB00287FF428AE7348FEF7BC
:1044200075FF23E672492046FEF70EFD4FF07C51E2
:104430002846FCF753FB00287FF418AE6C48FEF7C3
:1044400065FF13E66B492046FEF7FEFC4FF07C51FA
:104450002846FCF743FB00287FF408AE6548FEF7CA
:1044600055FF03E6629940F2BE2291427FF472AD9D
:104470002046FFF7EDF8F9E5629AB2F5487F7FF440
:104480006CAD3046FFF72EF800287FF4EFAD599C55
:1044900054492046FCF7FAFA78B95E9D51492846FE
:1044A000FCF7F4FA00B100252A462146304601F017
:1044B0008BFE30B1FEF7D6FED8E54F48FEF726FF5B
:1044C000D4E54E48FEF722FFD0E5629940F2213252
:1044D00091427FF445AD3046FFF704F800287FF4A1
:1044E000C5AD5D9C3F492046FCF7D0FAA0B95B9D65
:1044F0003C492846FCF7CAFA08B14FF07E55002126
:104500002846FCF7CDFA58B92146304601F07EFE28
:1045100048B1FEF7A7FEA9E53948FEF7F7FEA5E585
:1045200004F10044F0E73748FEF7F0FE9EE562999B
:1045300040F2223291427FF416AD304601F090FEF7
:1045400010B1FEF78FFE91E52F48FEF7DFFE8DE5F7
:10455000629940F2233291427FF408AD06F13800AF
:1045600002F0C5F910B1FEF77DFE7FE52748FEF7A2
:10457000CDFE7BE5629940F22A3291427FF4F9AC9C
:104580005C9C18492046FCF781FAE8B92046FCF704
:10459000D5FA85B24FF001044FF07C515F98FCF7DB
:1045A0009DFA08B94FF00004E4B24FF07C515D98D9
:1045B000FCF794FA70B122462946304601F059FEC4
:1045C00020B1FEF74FFE51E50A25E3E71048FEF75C
:1045D0009DFE4BE5304601F087FED8B1FEF742FE66
:1045E00044E500BF6020714968160108301E0108CB
:1045F000301601083C1E0108481E0108541E01081F
:104600005C1E0108681E0108741E0108841E010852
:104610008C1E01087248FEF779FE27E5629940F288
:104620002B3291427FF4A8AC3046FFF759F91DE5D3
:10463000629AB2F54B7F7FF4A2AC529C6949204646
:10464000FCF724FA38B968492046FCF78BF867492B
:10465000FCF73CF95390539C62492046FCF716FA4C
:1046600020B160495B98FCF711FAA0B95D4920467A
:10467000FCF70CFA00B1B46E5B9D5A492846FCF772
:1046800005FA00B1F56E2A462146304601F044FE97
:1046900070B14FF001084FF07C515F98FCF71EFAA3
:1046A00048B9B8F1000F0DD03046FFF719F9DDE435
:1046B0004FF00008EFE7304601F023FE10B1B8F1EB
:1046C000000FF1D14A48FEF721FECFE4629940F293
:1046D0002D3291427FF456AC5B9C42492046FCF758
:1046E000D5F918B14348FEF711FEBFE42146304624
:1046F00001F044FE18B13046FFF7F2F8B6E43E4848
:10470000FEF704FEB2E4629940F22F3291427FF448
:104710003CAC3046FEF7E6FE00287FF4A7AC569C82
:1047200030492046FCF7B2F9A0B95B9D2D492846D7
:10473000FCF7ACF908B14FF07E5500212846FCF794
:10474000AFF958B92146304601F074FD48B1FEF783
:1047500089FD8BE42948FEF7D9FD87E404F1004484
:10476000F0E72748FEF7D2FD80E4629AB2F54D7F6C
:104770007FF40EAC06F1380002F0B9F810B1FEF784
:1047800071FD73E41F48FEF7C1FD6FE4629940F2CA
:10479000353291427FF4FFAB3046FEF7A3FE00288E
:1047A0007FF464AC599D0F492846FCF76FF978B93E
:1047B0005E9C0C492046FCF769F900B100242246B2
:1047C0002946304601F000FD30B1FEF74BFD4DE4C7
:1047D0000D48FEF79BFD49E40C48FEF797FD45E4C4
:1047E000981E010860207149DB0F49400000B44366
:1047F000A01E0108AC1E0108B41E0108BC1E010861
:10480000C81E0108D41E0108E01E01088016010818
:10481000629940F23E3291427FF4C0AB619C9A496A
:104820002046FCF733F900B97C614F9C964920463D
:10483000FCF72CF938B900212046FCF731F90028A3
:1048400040F09780BC61519C8F492046FCF71EF9CF
:1048500000B97C60509C8C492046FCF717F900B9E0
:10486000BC60569C88492046FCF710F900B9FC60F2
:104870005B9C85492046FCF709F940B90021204698
:10488000FCF70EF9002876D14FF07E533B615F9C18
:104890007D492046FCF7FAF800B9FC61539C7A493F
:1048A0002046FCF7F3F800B93C625A9C7649204652
:1048B000FCF7ECF800B97C625E9C73492046FCF77B
:1048C000E5F800B9BC62529C6F492046FCF7DEF85F
:1048D00000B9FC62599C6C492046FCF7D7F800B936
:1048E0007C63579C68492046FCF7D0F800B9BC634C
:1048F0004E9C65492046FCF7C9F830B90021204696
:10490000FCF7CEF8002838D13C644D9C5E49204627
:10491000FCF7BCF828B900212046FCF7C1F870BBB1
:104920007C645C9C58492046FCF7B0F800B9BC6434
:10493000559C55492046FCF7A9F818B92046FCF7C4
:10494000FDF8F865549C50492046FCF79FF858B98B
:104950004FF001054FF07C512046FCF7BFF808B935
:104960004FF0000587F870503846FFF727F8FFF73B
:104970007DBB002466E7454B88E70024C4E700249C
:10498000CEE7629940F23F3291427FF40AAB4FF09A
:1049900001044FF07C515D98FCF7A0F808B94FF086
:1049A000000404F001013846FDF742FF3846FFF7E6
:1049B00005F8FFF75BBB629AB2F5507F7FF4F4AA6B
:1049C000549DDDF8849130494846FCF75FF830B9D2
:1049D000DDF880A12C495046FCF758F8A0B1D7F873
:1049E000D0300133C7F8D030294BC7F8C4304FF06E
:1049F0007C512846FCF772F800287FF437AB244836
:104A0000FEF784FCFFF732BB5C9C1F492046FCF795
:104A10003DF820BB2046FCF76BF80446DDF86481C6
:104A200019494046FCF732F808B1D7F834800194B0
:104A3000CDF8008053464A4631463846FDF702FF1E
:104A400004464FF07C512846FCF748F800287FF4D4
:104A50000DAB3CB13846FEF7B1FFFFF707BB4FF097
:104A6000FF34DBE7D7F8C400FEF750FCFFF7FEBACF
:104A7000629940F2413291427FF499AA3846FEF79A
:104A80009DFFFFF7F3BA00BF60207149000080BFAF
:104A9000E81E0108629940F2523291427FF48AAADC
:104AA0004FF07C515198FCF719F8002830D15D9DEA
:104AB000AA492846FBF7EAFF00282DD06E9B1C78F8
:104AC0005B9FA6493846FBF7E1FF08B16E9B5F6824
:104AD0005C9DA2492846FBF7D9FF48B36E9BDD6871
:104AE000DDF868819D494046FBF7D0FF10B16E9B11
:104AF000D3F80880CDF8048000953B462246314625
:104B00006E98FCF795FE6E98FEF716FCFFF7AEBAAE
:104B10006E98FCF7BDFECAE74FF001044FF07C51E0
:104B20002846FBF7DBFF08B94FF00004E4B2C7E703
:104B30002846FCF703F80546D2E7629940F2533263
:104B400091427FF43AAA4FF001044FF07C515C98F7
:104B5000FBF7C4FF08B94FF000041BAA04F00101E1
:104B60006E98FCF707FF20B97D48FEF7CFFBFFF7F3
:104B70007DBA1BA96E98FEF74FFEFFF777BA629ACF
:104B8000B2F5557F7FF41CAA31466E98FCF7E4FE1F
:104B900020B97448FEF7BAFBFFF768BA1BAA0021D8
:104BA0006E98FCF7E7FE28B11BA96E98FEF734FE5D
:104BB000FFF75CBA6A48FEF7A9FBFFF757BA629A9B
:104BC000B2F5617F7FF4FFA900238DF8583016A954
:104BD0005898FEF7D9FAA8B19DF85850579C5F49EC
:104BE0002046FBF753FF90B92046FBF7A7FF01468D
:104BF0001BAA284601F0D0FE58B95B48FEF786FB99
:104C0000FFF734BA5948FEF781FBFFF72FBA64214A
:104C1000EEE71BA8FEF7D4FBFFF728BA629940F233
:104C2000853291427FF4D2A900238DF8583016A91D
:104C30005898FEF7A9FA20B148495D98FBF726FF7E
:104C400020B14B48FEF762FBFFF710BA9DF85810F1
:104C50001BA801F005FE4FF001044FF07C515D9858
:104C6000FBF73CFF08B94FF00004002204F00101FB
:104C70001BA801F0FAFD18B1FEF7F4FAFFF7F6B938
:104C80003C48FEF743FBFFF7F1B9629940F28632E8
:104C900091427FF49EA900238DF8583016A95898A8
:104CA000FEF772FAE8B12D495698FBF7EFFEC0B94E
:104CB0005B9D2A492846FBF7E9FE08B14FF07E5577
:104CC000579C26492046FBF7E1FE78B92046FBF7C2
:104CD00035FF044641F28833984209D941F28834BD
:104CE00006E02548FEF712FBFFF7C0B94FF4FA744F
:104CF0009DF858101BA801F0B3FD00212846FBF7D2
:104D0000CFFE60B9569900234FF47A721BA801F0C8
:104D10000BFF40B91948FEF7F9FAFFF7A7B9569902
:104D200001F10041EFE7204601F0D6FF00211BA86A
:104D300001F0BFFD18B1FEF795FAFFF797B91048DB
:104D4000FEF7E4FAFFF792B9629940F28732914296
:104D50007FF442A9FEF774FFFFF788B9602071491C
:104D6000F01E0108F81E01080C1F0108041F0108AD
:104D7000181F0108281F0108341F0108401F0108DF
:104D8000481F0108629AB2F5627F7FF428A90023C8
:104D90008DF86C301BA95898FEF7F6F950B19DF8C4
:104DA0006C1089B9304600F00BFF40B1FEF75AFA9B
:104DB000FFF75CB99848FEF7A9FAFFF757B997488B
:104DC000FEF7A4FAFFF752B9304601F037F818B1F0
:104DD000FEF748FAFFF74AB99148FEF797FAFFF74E
:104DE00045B9629940F2893291427FF4FBA830467E
:104DF00000F002FF18B1FEF735FAFFF737B989481E
:104E0000FEF784FAFFF732B9629940F28A32914292
:104E10007FF4EBA83046FEF765FB00287FF426A957
:104E200000238DF86C301BA95898FEF7ADF928B116
:104E3000599D7D492846FBF729FE20B17B48FEF7A6
:104E400065FAFFF713B99DF86C705E9C76492046B1
:104E5000FBF71CFE00B1764C23462A463946304605
:104E600000F0F6FF18B1FEF7FDF9FFF7FFB8714843
:104E7000FEF74CFAFFF7FAB8629940F28B32914292
:104E80007FF4B6A83046FEF72DFB00287FF4EEA88D
:104E9000599D65492846FBF7F9FD80B95E9C62493A
:104EA0002046FBF7F3FD00B1614C2246294630460F
:104EB00001F02CF840B1FEF7D5F9FFF7D7B85E48FE
:104EC000FEF724FAFFF7D2B85C48FEF71FFAFFF7A7
:104ED000CDB8629AB2F5637F7FF48DA83046FEF7B5
:104EE00001FB00287FF4C2A800238DF86C301BA9B9
:104EF0005898FEF749F928B1599D4B492846FBF7C8
:104F0000C5FD20B14E48FEF701FAFFF7AFB89DF896
:104F10006C705E9C44492046FBF7B8FD00B1444CE0
:104F200023462A463946304600F0BAFF18B1FEF74C
:104F300099F9FFF79BB84348FEF7E8F9FFF796B8F1
:104F4000629940F28D3291427FF458A813AC5F9B76
:104F50000093609B619A31462046FEF75FF90DF1A0
:104F60004B0300228DF84B2002931BAB019316AB31
:104F7000009394E80E00304601F026F820B932483C
:104F8000FEF7C4F9FFF772B816AA9DF84B300293EA
:104F90001CAB93E803008DE803001B9B07CAFEF7D8
:104FA00069F9FFF763B8629940F28E3291427FF45B
:104FB00028A8FEF76DFEFFF759B8629940F28F32CC
:104FC00091427FF421A85C9D17492846FBF75EFDBE
:104FD00020B11E48FEF79AF9FFF748B84FF00104D8
:104FE0004FF07C512846FBF779FD08B94FF00004DB
:104FF00004F0010000F080F9FEF74AFEFFF736B832
:10500000629940F2913291427FF401A83046FEF756
:1050100069FEFFF72BB800BF501F0108581F010899
:10502000641F0108701F010860207149801F01087A
:105030000000A0418C1F01087C1F0108881F010887
:10504000901F0108A01F0108AC1F0108B01F010834
:10505000629AB2F5667F7EF4DDAF3046FEF742FA23
:1050600000287FF403A800238DF84C3013A958982A
:10507000FEF78AF8E0B15B9C5D492046FBF706FD30
:10508000B0B900212046FBF70BFDB0B90127569DB2
:1050900057492846FBF7FAFC00B1564D579C544936
:1050A0002046FBF7F3FC58B92046FBF747FD09E023
:1050B0005148FEF72BF9FEF7D9BF4FF0FF37E6E76F
:1050C0004FF4487016AA019200902B463A469DF87C
:1050D0004C10304600F0B4FC002838D09DF84C90BD
:1050E0002846FBF7D9F904460D469DF85830002BA9
:1050F00032D00126DDF86080DDF864A041465046DC
:10510000FBF726FA9DF868309DF8692017990E91F3
:105110000D920C93FBF7C0F9CDE90A015046FBF75D
:10512000BBF9CDE908014046FBF7B6F9CDE9060128
:105130000496CDE9024500974B46304AC0211BA892
:1051400006F040FC1BA801F055FBFEF78FBF2C4872
:10515000FEF7DCF8FEF78ABF0026CBE7629940F243
:10516000993291427EF459AF3046FEF7BBF90028E0
:105170007EF47CAF00238DF86C30589C1C4920468F
:10518000FBF784FCB8B15B9C19492046FBF77EFC19
:10519000E0B99DF86C5000212046FBF781FCD0B9A6
:1051A00001222946304600F029FCB8B13046FEF70E
:1051B00099FDFEF75BBF1BA92046FDF7E5FF002820
:1051C000E1D11048FEF7A2F8FEF750BF0E48FEF7F7
:1051D0009DF8FEF74BBF4FF0FF32E2E70B48FEF7BA
:1051E00095F8FEF743BFFEF7B1FDFEF73FBF7047EE
:1051F000602071490000A040C01F0108D41F0108B1
:10520000CC1F010838200108442001085020010863
:10521000F0B589B00024039404940594069407948F
:105220000094244B1A6B42F080021A631A6B02F04E
:1052300080020092009A01941A6B42F002021A63F3
:105240001A6B02F002020192019A02941A6B42F068
:1052500001021A631B6B03F001030293029B164DBC
:1052600022460421284602F0F8FA144F22464FF451
:105270000041384602F0F1FA042303930126049614
:105280000594069403A9284602F0E6F94FF400437A
:10529000039304960594069403A9384602F0DCF9BA
:1052A000382303930494059603A9284602F0D4F901
:1052B00009B0F0BD00380240000402400000024086
:1052C000054B1B7813B900B10120704708B90120C4
:1052D00070470020704700BF0000002008B502F0B2
:1052E000B5FA012800D0002008BD0000014B0122C2
:1052F0001A70704700000020014B1870704700BF03
:1053000000000020014B1878704700BF000000200B
:1053100000284CD02DE9F843804600242646A146BB
:10532000274618E0224D08212846FFF7D7FF3844CA
:10533000C7B210212846FFF7D1FF48445FFA80F931
:1053400020212846FFF7CAFF3044C6B2012001F0F1
:10535000C3FC0134E4B2042CE4D9022F21D901208A
:1053600088F80300B9F1020F1DD9012588F804500F
:10537000022E1AD9012488F80540FFF7A1FF88F80A
:1053800000002846FFF79CFF88F801002046FFF741
:1053900097FF88F80200074B1B7888F80630BDE8B5
:1053A000F8830020DCE70025E0E70024E3E770470E
:1053B000000402400000002072B6FEE700B595B080
:1053C0003022002108A806F074FB00230393049305
:1053D0000593069307930193214A116C41F0805184
:1053E0001164126C02F080520192019A02931D4BDB
:1053F0001A6842F480421A601B6803F480430293E7
:10540000029B012308934FF48033099302230E93E8
:105410004FF480020F92192210924FF4A872119249
:1054200012930723139308A802F0C6FF98B90F231D
:10543000039302230493002305934FF4A053069390
:105440004FF480530793052103A803F005FA20B910
:1054500015B05DF804FBFFF7AFFFFFF7ADFF00BF2E
:10546000003802400070004008B501F009FCFFF769
:10547000A5FFFFF7CDFEFCF7DFFA01F021F801F000
:1054800043F8FCE7012303FA00F0C0B2704738B5D7
:10549000B0B1054604781CB10020FFF7F3FF0446C5
:1054A0006B7823B10120FFF7EDFF0443E4B2AB7842
:1054B00023B10220FFF7E6FF0443E4B2204638BDE3
:1054C0000024FBE718B180F88010C0F884207047F2
:1054D00038B50446022810D80846094B53F8245022
:1054E0000849FBF737F801462846FBF73BF9064B1E
:1054F00053F82410FBF736F938BD0020FCE700BF55
:10550000C02001088FC2E540B420010810B584B066
:1055100004AB03E90700019C16492046FBF7D4FAC7
:10552000E0B115492046FBF7C5FAD0B1029C1149FC
:105530002046FBF7C9FAB0B10F492046FBF7BAFA8B
:1055400098B1039C0B492046FBF7BEFA78B10A4993
:105550002046FBF7AFFA10B1012000E0002004B0B4
:1055600010BD0020FBE70020F9E70020F7E700204E
:10557000F5E700BF000070C10000A04238B338B5A5
:10558000144605462AB38368042B24D143798B4201
:1055900023D10369062B22D9037F362B21D1827FA9
:1055A000C37F1B0443EA026390F8202043EA0223EE
:1055B00090F821001843FBF77DF80B49FBF7D2F870
:1055C0006B7F0BB100F100402060012004E000205F
:1055D0007047002000E0002038BD0020FCE70020DC
:1055E000FAE70020F8E700BFCDCCCC3D024628B357
:1055F0000023022B0BD8181D12F83000884202D06D
:105600000133DBB2F5E7043302EBC300704792F8D5
:1056100038308B4209D092F840308B4208D092F853
:1056200048308B4207D00020704702F138007047A5
:1056300002F14000704702F1480070477047F8B52A
:10564000E8B10D4607460024012605E000260A20A1
:1056500001F042FB0134E4B2022C11D82046FFF7DE
:1056600011FF2842F6D0201D002107EBC00001F0F9
:1056700020F90028EAD0002EE9D00126E7E700262D
:105680003046F8BD70B138B515461DB12B7831EAFA
:10569000030400D138BD2146FFF7D1FF2B78234307
:1056A0002B70F7E7704758B138B50C46054607210F
:1056B000FFF7C5FF224608212846FFF703FF38BD44
:1056C000704780B108B50B4611468446022B01D9BC
:1056D000002008BD181D00234FF47A720CEBC000A7
:1056E00001F022FAF5E7002070472DE9F84360B396
:1056F0000E461746984681460024012505E0002500
:105700000A2001F0E9FA0134E4B2022C1ED8204646
:10571000FFF7B8FE3042F6D009EB040393F9880096
:10572000FAF7CCFF3946FBF71DF80246B8F1000F37
:1057300001D100F1004221464846FFF7C2FF002890
:10574000DDD0002DDCD00125DAE700252846BDE8B4
:10575000F8830000002855D010B504460121203000
:1057600001F07EF8022104F1280001F079F803210C
:1057700004F1300001F074F8042104F1380001F064
:105780006FF8052104F1400001F06AF8062104F1E8
:10579000480001F065F81C4BE36023616361234618
:1057A00004F10C0207CAFCF737FC184BA361012374
:1057B00023770023637784F8803084F8813084F87D
:1057C000823084F88330C4F88430FF2284F8882043
:1057D00084F8892084F88A20062284F8502084F8EE
:1057E000513000226265A265E26522666266084A5F
:1057F000A2664FF07E52E26623676367A367642365
:10580000E36710BD704700BF8FC2E5C0000096433C
:105810007A30E13E00283BD0F8B50E46074600241A
:10582000012502E000250134E4B2022C0CD8201D31
:105830000022314607EBC00001F017F80028F1D034
:10584000002DF0D00125EEE70022314607F13800A7
:1058500001F00BF810B16DB9002300E000231C46E5
:105860000022314607F1400000F0FFFF20B144B9AB
:10587000002002E00123F2E7002026B130B9002326
:1058800002E00120F9E700237B77F8BD0123FBE765
:105890000020704740B190F880000138C0B2052860
:1058A0008CBF0020012070470020704770B5B0B356
:1058B00006460024012502E000250134E4B2022C52
:1058C0000BD8201D002106EBC00000F0F2FF0028DD
:1058D000F2D0002DF1D00125EFE7002106F13800CC
:1058E00000F0E7FF10B165B9002300E000231C467B
:1058F000002106F1400000F0DCFF20B124B10124BA
:1059000002E00123F3E70024002373773046FFF71A
:10591000C1FF10B1092386F88030204670BD0024F5
:10592000FBE770B570B30646FFF7B4FF60BB002419
:10593000012505E000250A2001F0CEF90134E4B28A
:10594000022C0CD8201D0022012106EBC00000F023
:105950008CFF0028EED0002DEDD00125EBE7A5B19E
:10596000072386F88130002386F8823086F883305A
:1059700001F0ACF9024601213046FFF7A3FD0123F7
:10598000737702E0002500E00025284670BD000086
:10599000092818D8DFE800F0051907090B0D0F11C9
:1059A00013150B4870470B4870470B4870470B485E
:1059B00070470B4870470B4870470B4870470B48BF
:1059C00070470B4870470B4870470B48704700BF43
:1059D000981601087420010884200108902001080D
:1059E00098200108A4200108E8160108F016010813
:1059F000AC200108F8160108642001080346C8B16C
:105A0000D2B1002A0BDB012061B14A1ED2B2022AB8
:105A100014D801390B4483F88800012070474FF0F7
:105A2000FF30F1E783F8880083F8890083F88A0063
:105A30000120704700207047002070470020704709
:105A40002DE9F04F95B01F9D002800F0A2800C4674
:105A500016461F468146002D00F09E80002900F06A
:105A60009E80032900F2A180002A00F0A18000237B
:105A70002B706B600021A960E9602B746B7404F1DA
:105A8000FF3B5FFA8BFB3846FBF714F850B91E9BBF
:105A900053B141F288331E9A9A4208D941F28833B1
:105AA0001E9304E0444FF2E74FF448731E9312A88C
:105AB000FFF72EFC12A8FFF7EAFC80462874584630
:105AC000FFF7E0FC824618EA000F02D04FF0000812
:105AD00067E00CAA4FF49671204600F05DFF804607
:105AE00000285ED00D9BAB600BF1040309EBC303F0
:105AF000019300220121184600F0B7FE80460028DD
:105B00004FD00A2001F0E8F8002E21DB4FF07E5143
:105B10003846FAF727FE024659464846FFF7D1FDB8
:105B2000804600283DD001F0D1F8064601F0CEF8BD
:105B3000801B1E9B98420DD802A8FFF7E9FB02A824
:105B4000FFF7A5FC68741AEA000FEFD0474602E0A1
:105B50001A49DDE7002701F0B9F8861B00210198FA
:105B600000F0A7FE0A2001F0B7F80AA8FFF7D0FB63
:105B70000AA8FFF78CFC687404AA4FF496712046BB
:105B800000F00AFF804660B1059BEB602F706E60ED
:105B900007E04FF0000804E04FF0000801E04FF08C
:105BA0000008404615B0BDE8F08F4FF00008F8E758
:105BB0004FF00008F5E700BF0000A040000080BFE4
:105BC00070B5B0B106460024012505E000250A2085
:105BD00001F082F80134E4B2022C0BD8201D06EB50
:105BE000C00000F084FE0028F0D0002DEFD0012589
:105BF000EDE70025284670BD58B108B50346064AB2
:105C0000C2600261426100F10C0207CAFCF704FAAB
:105C100008BD0020704700BF8FC2E5C0002800F01B
:105C2000088170B582B00446FFF734FE08B902B0AF
:105C300070BD01F04BF805466846FFF769FB684602
:105C4000FFF725FC064694F88030013B052BEED883
:105C5000DFE803F00332628EB9D6D4F88430EB1A51
:105C6000632BE4D9A0B184F8810000234FF0824275
:105C700001462046FFF739FD20B929462046FFF7A7
:105C800012FDD4E72A4602212046FFF71BFCCEE78F
:105C9000072184F881100123664A2046FFF725FD7D
:105CA00028B12A4603212046FFF70CFCBFE729460E
:105CB0002046FFF7F8FCBAE794F8811004F182025D
:105CC00021EA00012046FFF7DDFC94F881303342E1
:105CD0000BD0D4F88430EB1A40F6B8329342A6D9F0
:105CE00029462046FFF7DFFCA1E7002384F8823035
:105CF000072184F8811001234E4A2046FFF7F5FC66
:105D000020B929462046FFF7CEFC90E72A4603211A
:105D10002046FFF7D7FB8AE704F1820201462046BE
:105D2000FFF7B0FC94F88230072B0CD0D4F8843005
:105D3000EB1A42F6E06293427FF679AF294620469D
:105D4000FFF7B1FC73E7072184F8811000234FF0BF
:105D500082422046FFF7C9FC20B929462046FFF7BA
:105D6000A2FC64E72A4604212046FFF7ABFB5EE76E
:105D7000D4F88430EB1AB3F52F7FFFF458AF48B155
:105D800040F6B83293427FF652AF29462046FFF7DD
:105D90008AFC4CE707212046FFF751FC002384F8DA
:105DA00083300123244A07212046FFF79EFC28B1B7
:105DB0002A4605212046FFF785FB38E7294620467D
:105DC000FFF771FC33E704F1830201462046FFF739
:105DD00059FC94F88330072B0CD0D4F88430EB1A9C
:105DE00041F2707293427FF622AF29462046FFF7B8
:105DF0005AFC1CE72A4606212046FFF763FB16E7FC
:105E0000D4F88430EB1AC72B7FF611AF2046FFF78A
:105E1000D7FE18B12046FFF7EFFE20B929462046ED
:105E2000FFF741FC03E72A4607212046FFF74AFB1C
:105E3000FDE670470000C8410000A04008B5FFF72C
:105E4000D5FB10B100F053FD08BD0020FCE70000B9
:105E50002DE9F04182B007460E4690461C46FFF7FA
:105E600019FDC8B9054631463846FFF7BFFB06465F
:105E700060B100212046FAF71DFE58B900230093B7
:105E800022464146304600F0EBFD0546284602B06A
:105E9000BDE8F081014CF1E70025F7E70000A041E3
:105EA0002DE9F04182B007460E4690461C46FFF7AA
:105EB000F1FC20BB054631463846FFF797FB064606
:105EC000F0B100212046FAF7F5FD90B901230093C7
:105ED000002322464146304600F0C2FD04460A2017
:105EE00000F0FAFE002000F065FE20B12CB900257C
:105EF00006E0054CEAE7002502E0012500E0002568
:105F0000284602B0BDE8F0810000A041002853D02F
:105F1000F0B583B00E4614460546FFF7BBFC0028DB
:105F20004CD100212046FAF7C5FDD8B901230093D2
:105F300000232246314605F1200000F091FD98B182
:105F400001231F460A2000F0C7FE0123009300230F
:105F50002246314605F1280000F082FD30B1BFB97C
:105F6000002304E0174CE1E70023EAE700231F4683
:105F70000A2000F0B1FE012300930023224631469F
:105F800005F1300000F06CFD20B17FB9002302E084
:105F90000123ECE700231C460A2000F09DFE0020B0
:105FA00000F008FE20B12CB9002008E00123F2E740
:105FB000002004E0012002E000207047002003B030
:105FC000F0BD00BF0000A04110B588B00DF1040C79
:105FD0008CE80E00002834D00446037F73B90168B2
:105FE0000198FAF7B7FA019061680298FAF7B2FAE5
:105FF0000290A1680398FAF7ADFA039005AB01AAE5
:1060000007CAFBF7B1FF0446C0B10A9B2BB101AB35
:1060100093E807000A9B83E807000B9B2BB108ABB2
:1060200013E907000B9B83E807000C9B33B108AB17
:1060300013E90700FFF76AFA0C9B1870204608B0B6
:1060400010BD0024FAE7000070B58CB005AC84E800
:106050000E00109D002800F089800446FFF71AFC0E
:10606000002840F0858000212846FAF737FD30B13E
:1060700042492846FAF732FD00B1404DA5610023A0
:106080008DF823300DF12303029309AB019305AB87
:1060900000930ECB2046FFF797FF002869D09DF8AC
:1060A0002300002865D0A56935492846FAF7F8FC91
:1060B00000B1334D09990020FFF70AFA0146012388
:1060C00000932A4604F1200000F0CAFC98B1012395
:1060D0001E46119B8BB90A990120FFF7F9F9014679
:1060E000012300932A4604F1280000F0B9FC40B1D6
:1060F000DEB9002306E00023EAE7184600F0ECFDD5
:10610000E9E700231E46119B8BB90B990220FFF78C
:10611000DFF90146012300932A4604F1300000F024
:106120009FFC40B1E6B9002506E00123EAE71846E6
:1061300000F0D2FDE9E70025119B9BB9002000F09B
:1061400039FDB0B1BDB105AB93E8070084E80700A5
:106150000C340CAB13E9070084E80700284608E07C
:106160000125E9E7184600F0B7FDE7E7002000E069
:1061700000200CB070BD2846FBE700BF000096442D
:106180000000204100B587B00DF10C0C8CE80E002A
:106190000A230193089B00939CE80E00FFF754FF2D
:1061A00007B05DF804FB00B587B00DF10C0C8CE86E
:1061B0000E0000230193089B00939CE80E00FFF75C
:1061C00043FF07B05DF804FBC8B170B582B00D465F
:1061D00014460646FFF75EFB98B900212046FAF701
:1061E00069FC50B90023009301232246294606F199
:1061F000380000F035FC02B070BD034CF2E700201F
:1062000070470020F7E700BF0000964380B138B523
:106210000C460546FFF73EFB08B1002038BD0023C1
:106220004FF47A72214605F1400000F07DFCF5E75D
:106230000020704770B110B50B4604460649184659
:10624000FAF790FA0549FAF741FB01462046FFF7B5
:10625000DDFF10BD0020704700007042066A5C42FE
:1062600028B108B50021403000F023FB08BD002014
:106270007047B8B32DE9F0410C461646054601B902
:106280000A2405F1480800221146404600F0EDFAC4
:1062900007460A2000F020FD46B9214695F848003F
:1062A00000F06CFBB8B1DFB9002015E0404600F00B
:1062B0001EFB10B16FB9002000E0002007460A2045
:1062C00000F00AFD0023AB656B65EB652B666B6622
:1062D000E3E70120F2E7002085F85100BDE8F081F6
:1062E0000120F9E70020704748B110B5044690F846
:1062F000480000F04BFB002384F8513010BD002013
:10630000704738B1426D8265C265002202664266FE
:10631000012070470020704740B370B50C46154609
:10632000064600212046FAF7C5FB08BB0021284697
:10633000FAF7ACFBF0B924F00044B466002128461B
:10634000FAF7AEFB80B94FF07E55F566B16D706D12
:10635000FAF7FEF82946FAF705FA01462046FAF759
:1063600001FA3066012070BD034DEEE70020704752
:106370000020F8E70020F6E7000080BF50B370B5BA
:106380000C460546816D406DFAF7E2F8064620F0AE
:1063900000404FF07E51FAF783FBE8B924F000404B
:1063A0004FF07E51FAF77CFBC0B931462046FAF730
:1063B0008DFA20F00043AB660021FAF771FB38B983
:1063C0004FF07E53EB662C6600236B66012070BD98
:1063D000034BF7E7002070470020F8E70020F6E7BE
:1063E000000080BF78B110B50446036F0BB90120DF
:1063F00010BD00F06BFC236FC01AE36F984294BF8E
:1064000000200120F4E701207047000000284FD051
:106410002DE9F04182B00D46044641B100230193BD
:1064200001AA90F848102846FFF7A8F810B902B062
:10643000BDE8F081276E666F636DE3650198606566
:10644000D4F86C80A16DFAF783F801464046FAF75C
:1064500089F9A16EFAF786F9206600F037FC20670B
:106460006B6A6367A36F0133A367002EDFD0686A8E
:10647000B042DCD9801BFAF71DF90E49FAF772F920
:1064800005463946206EFAF763F82946FAF71EFAF0
:1064900006460949606EFAF765F905460749304630
:1064A000FAF760F901462846FAF754F86066BEE745
:1064B000704700BF6F12833A3333333F9A99993E46
:1064C00008B5FBF703FDFEF711FF0B48FFF742F994
:1064D0000A48FCF7CBFB0A48FCF74AF90948FBF7E6
:1064E0008FF900F0F1F8FBF707FB10B103F0CCFDDA
:1064F00008BDFEF761FFF9E7B41500204415002040
:10650000701400200413002070B5CCB000F0DEFB46
:10651000064626E002A91B48FFF778FF02A8FBF712
:1065200075FB0028F6D1174C2046FFF777FB214674
:106530001548FBF7B7F9154D2A4621461448FCF7D4
:10654000FBF921462846FCF7AFFC00F0BFFB0446F0
:10655000831BB3F5FA7F04D304210E4801F083F9BD
:1065600026464FF480710CA800F018F90028D5D009
:10657000054B0093064B054A02490CA8FDF708FCA1
:10658000CCE700BFB4150020041300204415002000
:10659000701400200004024082B0002100910B4BD7
:1065A0005A6C42F480425A645A6C02F4804200925F
:1065B000009A01911A6C42F080521A641B6C03F02D
:1065C00080530193019B02B0704700BF0038024026
:1065D000FEE7FEE7FEE7FEE7FEE77047704770471D
:1065E00008B500F067FB08BD08B5024800F07AFE68
:1065F00008BD00BFCC12002008B5024801F0FEFA29
:1066000008BD00BFF82500200120704708B505F03F
:10661000D9FA162303604FF0FF3008BD08B54FF0DC
:10662000FF31FFF7F3FFFEE770B50C461646002575
:1066300006E0AFF30080214601F8010B01350C465E
:10664000B542F6DB304670BD70B50C4616460025E7
:1066500004E014F8010BAFF300800135B542F8DB1C
:10666000304670BD4FF0FF3070474FF400534B6021
:1066700000207047012070470020704710B5034686
:106680000C4A0D490D48006840B10C4800680344AD
:10669000521A934206D8094A136010BD0748084CA5
:1066A0000460F2E705F08EFA0C2303604FF0FF3030
:1066B000F3E700BF00000220001000004016002099
:1066C000102D0020704700000023044A1370044A74
:1066D0001370044A1380044A137070474921002044
:1066E00048210020441800204818002000284AD0E3
:1066F0002DE9F8430D460646002431E0224B1A8866
:10670000224B00219954224B1F78013707F00707CD
:10671000204B1B78DBB2BB4200D02AB900231A4AB7
:1067200013801A4A13701AE0DFF8649099F8000099
:10673000DFF86480FF22154908EB002005F0D3F94B
:1067400099F8003008EB0328002388F8FF3089F817
:106750000070E3E700230C4A13800C4A13700134E5
:10676000AC420ED2335D0D2BF9D00A2BC6D0064AAF
:106770001288FE2AEED8501C0349088003498B5426
:10678000EDE7BDE8F8837047441800204818002062
:10679000492100204821002048190020E8B170B5A7
:1067A0000546E1B1104B1A78D2B2104B1B78DBB220
:1067B0009A4216D00C4E30784C1E22460C4901EB02
:1067C0000021284605F08FF900232B55337801333B
:1067D00003F007033370012070BD002070470020D4
:1067E000FAE70020F8E700BF4821002049210020F7
:1067F0004819002078B3F8B50746FAF741FB06467A
:1068000085B2B5F5007F01D30020F8BD00F05EFA37
:106810000446012003F0BCFC30B900F057FA031B1A
:10682000FA2BF6D90020F0E7B2B239460B4805F052
:1068300003FA00F04BFA044601222946074803F008
:10684000C3FC30B100F042FA001BFA28F4D9002052
:10685000DBE70120D9E70020704700BF4416002085
:1068600010B1017000224260704700B300B583B0E0
:1068700003788DF80030F3238DF80130AB238DF8C9
:10688000023081B101238DF8033072B101238DF8FC
:1068900004306B238DF8053006216846FBF752F96A
:1068A00003B05DF804FB0023EDE70023EFE70020D1
:1068B0007047D0B100B583B003788DF80030FE2367
:1068C0008DF8013098238DF8023061B101238DF8E5
:1068D00003306B238DF8043005216846FBF732F94D
:1068E00003B05DF804FB0023F1E700207047B8B166
:1068F00000B583B002788DF804200A228DF80520B7
:106900006D228DF806206B228DF807200022426050
:1069100004210DEB0100FBF715F903B05DF804FB52
:106920000020704700B583B08DF8040036238DF841
:1069300005306B238DF80630032101A8FBF702F91F
:1069400003B05DF804FB00B583B08DF8000011239F
:106950008DF8013018238DF802308DF80310130ADA
:106960008DF804308DF805206B238DF80630072153
:106970006846FBF7E7F803B05DF804FB08B50A4684
:1069800001B90A223621FFF7DEFF08BD08B5002253
:106990003621FFF7D8FF08BD2DE9F0418AB0002A63
:1069A0005AD005460F461646002313605360936085
:1069B000D36013615361FBF71FF92846FFF7B2FF5D
:1069C000044618B920460AB0BDE8F08100F07EF90F
:1069D000804600F07BF9A0EB0800B8423AD8684640
:1069E000FBF714F904460028F3D09DF80520029B1C
:1069F000042BF4D19542F2D1049B062BEFD99DF8DC
:106A00001C30362BEBD19DF81E209DF81F301B0447
:106A100043EA02639DF8202043EA02239DF8210007
:106A200035701843F9F746FE0C49F9F79BFE706084
:106A30009DF81D3013B100F100407060019BB36000
:106A40009DF81030337307AB03CBC6F80D00C6F8C2
:106A50001110B7E70024B5E70024B3E7CDCCCC3D57
:106A60002DE9F04784B09DF83090002858D00E46AC
:106A70001F46804621F0004422F000402949F9F7E2
:106A800071FEFAF75BF81FFA80FA26492046F9F7FB
:106A900069FEFAF753F804464FF00105002130462D
:106AA000F9F7FEFF08B94FF00005EDB285F00105DA
:106AB0007FB3012298F800308DF80430FB238DF865
:106AC00005308DF806504FEA1A238DF807308DF8FF
:106AD00008A0230E8DF80930C4F307438DF80A305F
:106AE000C4F307238DF80B308DF80C408DF80D2082
:106AF000B9F1000F0FD001238DF80E306B238DF804
:106B00000F300C2101A8FBF71DF830B904B0BDE827
:106B1000F0870022CEE70023EEE7C8F80460F5E72F
:106B20000020F3E70000204100283FD02DE9F0438A
:106B300085B00E4615469846814621F000401C4916
:106B4000F9F710FEF9F7FAFF87B24FF001040021C0
:106B50003046F9F7A5FF08B94FF00004E4B284F01D
:106B6000010499F800308DF80430F6238DF80530D3
:106B70008DF806402B0A8DF807308DF808503B0A37
:106B80008DF809308DF80A70B8F1000F0CD0012390
:106B90008DF80B306B238DF80C30092101A8FAF722
:106BA000D1FF05B0BDE8F0830023F1E70020704776
:106BB0000000204100B583B08DF80400FF238DF85C
:106BC000053066238DF806306B238DF807300421DD
:106BD0000DEB0100FAF7B6FF03B05DF804FB00000F
:106BE000DFF834D0FFF76EFD0C480D490D4A002345
:106BF00002E0D458C4500433C4188C42F9D30A4A72
:106C00000A4C002301E013600432A242FBD304F0DB
:106C1000DFFFFEF729FC7047000002200000002083
:106C2000AC0800206C290108AC0800200C2D0020C5
:106C3000FEE7000010B504460E4B1A784FF47A7345
:106C4000B3FBF2F30C4A1068B0FBF3F000F0F0FC79
:106C500068B90F2C01D901200AE0002221464FF02B
:106C6000FF3000F0D1FC054B1C60002000E001204B
:106C700010BD00BF08000020040000200C00002010
:106C800008B50B4B1A6842F400721A601A6842F495
:106C900080621A601A6842F480721A60032000F061
:106CA000A1FC0F20FFF7C6FFFFF776FC002008BD10
:106CB000003C0240034A1168034B1B780B441360ED
:106CC000704700BF4C21002008000020014B1868CD
:106CD000704700BF4C21002038B50446FFF7F6FF8F
:106CE0000546B4F1FF3F02D0044B1B781C44FFF76C
:106CF000EDFF401BA042FAD338BD00BF08000020C2
:106D0000002800F0A18038B5044690F82030D3B1B7
:106D10002268136823F002031360FFF7D7FF0546CC
:106D200023685A6812F0020F10D0FFF7CFFF401B04
:106D30000A28F5D9636A43F400336362052384F8B3
:106D40002030012038BDFAF797FEE1E71A6842F0DB
:106D500001021A60FFF7BAFF054623685A6812F06D
:106D6000010F0DD1FFF7B2FF401B0A28F5D9636A66
:106D700043F400336362052384F820300120E1E707
:106D8000227E012A3DD01A6822F080021A60637EBA
:106D9000012B3BD02268136823F040031360A37ECD
:106DA000012B39D02268136823F020031360E37E9F
:106DB000012B37D02268136843F010031360237F40
:106DC000012B35D02268136823F008031360637F1A
:106DD000012B33D02268136823F004031360A368E7
:106DE000E268134322691343626913436268013AFC
:106DF00021681343CB6100206062012384F82030B6
:106E0000A0E71A6842F080021A60C0E7226813689F
:106E100043F040031360C2E72268136843F0200385
:106E20001360C4E72268136823F010031360C6E7F9
:106E30002268136843F008031360C8E722681368E8
:106E400043F004031360CAE70120704790F8203034
:106E5000013BDBB2012B05D9436A43F48023436233
:106E60000120704710B5474BD3F8002242F00102D1
:106E7000C3F80022D3F8002222F47C52C3F8002287
:106E8000D3F80022486A42EA0022C3F800224A6985
:106E900002F01F02012000FA02F2D3F81C026FEA8E
:106EA000020C20EA0200C3F81C02CB69CBB9354BB7
:106EB000D3F80C020CEA0000C3F80C028C88486975
:106EC000D1F80CE044EA0E44483043F830408C6876
:106ED000088840EA04404C6904F1480E03EBCE03F5
:106EE0005860CB69012B1ED08B69002B35D125480A
:106EF000D0F804320CEA0303C0F804320B699BBBE0
:106F00002048D0F814320CEA0303C0F814320B6A9C
:106F1000012B30D01B4AD2F8003223F00103C2F813
:106F20000032002010BD174BD3F80C021043C3F8F9
:106F30000C028C884869D1F800E044EA0E444830DD
:106F400043F8304088894C69D1F808E040EA0E40A7
:106F5000483403EBC4035860C6E70A48D0F804324B
:106F60001343C0F80432C9E70648D0F8143213437B
:106F7000C0F81432CBE70349D1F81C321343C1F8EF
:106F80001C32C7E70064004070B5044690F82050FA
:106F9000EDB2012D06D0436A43F40023436201257C
:106FA000284670BD022380F820300268136823F061
:106FB00001031360FFF78AFE064623685B6813F03F
:106FC000010F0CD0FFF782FE831B0A2BF5D9636AF1
:106FD00043F400336362052384F82030E0E70025A2
:106FE0006562DDE730B590F820C00468A4680CF154
:106FF000FF3C5FFA8CFCBCF1010F6BD814F0E05F32
:1070000062D0C4F3016CBCF1020F05D9436A43F4AA
:1070100000034362012062E0012404FA0CF41C60C6
:107020008B68002B3DD10D68CB68046843EA455559
:107030000CF118031B01E55003680C690CF1180EE4
:1070400003EB0E135C600B7D012B35D0D179937966
:107050001B0443EA0163517943EA0123147901686F
:10706000234301EB0C11C1F88C31D17893781B04C8
:1070700043EA0163517843EA0123117802680B4324
:1070800002EB0C12C2F8883102680CF1180C4FEABE
:107090000C1C52F80C3043F0010342F80C30002075
:1070A0001DE04C6843EAC403CC6823430CF1180488
:1070B000240105682B51BFE7036803EB0E135968E1
:1070C00041F480715960C1E7436A43F4001343629D
:1070D000012004E0436A43F480234362012030BD71
:1070E00090F82030013BDBB2012B05D9436A43F411
:1070F000802343620120704711F0010F04D0026821
:10710000936843F08003936011F0020F04D002688B
:10711000936843F40043936011F0040F04D00268B5
:10712000936843F4000393600020704790F8203088
:10713000013BDBB2012B01D90020704703689B683B
:1071400003EA8163B3EB816F01D001207047002017
:10715000704790F820C00CF1FF3C5FFA8CFCBCF14A
:10716000010F00F29B8010B451B90468E46814F078
:10717000030F10D1436A43F40013436201207BE004
:107180000468246914F0030F05D1436A43F4001323
:107190004362012070E001F11B042401D0F800C01B
:1071A0005CF8044004F004049460002C66D101F102
:1071B0001B042401D0F800C05CF80440640D146086
:1071C000046801F11B0C4FEA0C1C54F80C4004F04D
:1071D0000204D46004686444646804F00F04146119
:1071E000046864446468C4F30724946104686444D4
:1071F0006468240C5461026802EB0112D2F8B821D1
:107200001A70026802EB0112D2F8B821C2F3072209
:107210005A70026802EB0112D2F8B821C2F3074299
:107220009A70026802EB0112D2F8B821120EDA70DD
:10723000026802EB0112D2F8BC211A71026802EB5B
:107240000112D2F8BC21C2F307225A71026802EB84
:107250000112D2F8BC21C2F307429A71026802EB14
:107260000112D2F8BC21120EDA7189B90268D36812
:1072700043F02003D360002010BC704701F11B04D1
:107280002401D0F800C05CF80440E408546097E79B
:107290000268136943F020031361ECE7436A43F487
:1072A000802343620120704790F82030013BDBB21D
:1072B000012B05D9436A43F48023436201207047C0
:1072C000026853690B435361002070477047704751
:1072D00070477047704770477047704770477047F6
:1072E000704770472DE9F84F054603685C69D3F88D
:1072F00004809F68D3F80CB0D3F810A0D3F818908E
:1073000014F001063BD017F0010616D001229A6056
:1073100017F0020F08D117F0040F0CD117F0080670
:1073200006D04FF4805608E0FFF7D0FF002604E0B7
:10733000FFF7CFFF01E04FF4006617F4807F0DD018
:107340002B684FF480729A6017F4007F40F08680BB
:1073500017F4806F00F0868046F4005617F4803FE3
:107360000DD02B684FF480329A6017F4003F40F044
:10737000838017F4802F00F0838046F4004614F0D9
:10738000080F07D01BF0100F04D046F400762B68CE
:107390001022DA6014F0040F02D01BF0080F79D12C
:1073A00014F0020F04D02B68DB6813F0030F78D1C0
:1073B00014F0400F07D01AF0100F04D046F4806686
:1073C0002B6810221A6114F0200F02D01AF0080F57
:1073D0006BD114F0100F04D02B681B6913F0030F4E
:1073E0006AD114F4003F02D018F0100F68D114F4E1
:1073F000803F02D018F0080F69D114F4004F7AD002
:1074000018F0040F74D014F4807F04D019F0010F29
:1074100001D046F0010614F4007F04D019F0020FE9
:1074200001D046F0020614F4806F04D019F0040F66
:1074300001D046F0040614F4006F59D019F0700919
:1074400056D0B9F1400F65D058D8B9F1200F5ED0B1
:10745000B9F1300F42D146F0200644E02846FFF74C
:1074600036FF7BE717F4006F02D046F4804675E7DD
:107470002846FFF72FFF71E72846FFF729FF7EE731
:1074800017F4002F02D046F4803678E72846FFF73D
:1074900022FF74E72B680822DA602846FFF71CFFFA
:1074A0007EE72846FAF700FC82E72B6808221A617B
:1074B0002846FFF713FF8CE72846FFF70EFF90E7FB
:1074C0002B6810225A602846FFF709FF8FE72B68C8
:1074D00008225A602846FFF703FF8EE7B9F1100F24
:1074E00001D146F008062A68936923F0700393617E
:1074F0002B6804225A609EB9BDE8F88FB9F1500F8D
:107500000BD0B9F1600FEED146F48076EBE746F090
:107510001006E8E746F04006E5E746F08006E2E7B9
:107520006B6A33436B622846FFF7DBFEE4E70246F3
:1075300090F82030D8B2013BDBB2012B00D9704764
:1075400013685A6812F0020F05D11B6813F0020F7E
:10755000F5D00320F3E704207047406A704700002D
:10756000002807DB00F01F02400901239340024A74
:1075700042F82030704700BF00E100E0002808DB3F
:107580000901C9B200F1604000F5614080F80013C4
:10759000704700F00F000901C9B2014B1954704740
:1075A00014ED00E000B500F00700C0F1070CBCF1DD
:1075B000040F28BF4FF0040C031D062B0FD9C31E68
:1075C0004FF0FF3E0EFA0CF021EA000199400EFA4E
:1075D00003FE22EA0E0241EA02005DF804FB0023EA
:1075E000EEE70000074AD36823F4E0631B041B0C9A
:1075F000000200F4E060034343F0BF6343F4003350
:10760000D360704700ED00E010B50446054BD86824
:10761000C0F30220FFF7C6FF01462046FFF7AEFF8A
:1076200010BD00BF00ED00E008B5FFF799FF08BDF1
:107630000138B0F1807F0BD24FF0E0235861054A4A
:10764000F02182F823100020986107221A61704708
:107650000120704700ED00E000230F2B00F2EC80CA
:1076600030B583B068E085684FEA430E032404FA1E
:107670000EF425EA0405CC6804FA0EF42C43846069
:10768000446824EA02044A68C2F300129A40224382
:1076900042605FE0DC08083450F8242003F007055E
:1076A000AD004FF00F0E0EFA05FE22EA0E0E0A692B
:1076B000AA4042EA0E0240F824205FE0072200E0E0
:1076C000002202FA0EF22A4302345C4D45F82420CF
:1076D0005B4A94686FEA0C0224EA0C05D1F804E0D6
:1076E0001EF4801F01D04CEA0405554CA560E468E7
:1076F00002EA0405D1F804E01EF4001F01D04CEAB0
:1077000004054F4CE560646802EA0405D1F804E022
:107710001EF4003F01D04CEA0405494C6560246822
:1077200022404D6815F4803F01D04CEA0402444CDD
:10773000226001330F2B7DD801229A400C6804EAA5
:10774000020C32EA0404F4D14C6804F00304013C56
:10775000012C88D94A6802F00302032A09D0C468C0
:107760005D000322AA4024EA02048A68AA40224358
:10777000C2604A6802F00302022A8BD004684FEA12
:10778000430E032202FA0EF224EA02044A6802F0CF
:10779000030202FA0EF2224302604A6812F4403FEA
:1077A000C7D000220192274A546C44F480445464A8
:1077B000526C02F480420192019A9C08A51C1F4A57
:1077C00052F8255003F0030E4FEA8E0E0F2202FAF4
:1077D0000EF225EA02051C4A90423FF471AF02F511
:1077E000806290421AD002F58062904218D002F571
:1077F0008062904216D002F58062904214D002F569
:107800008062904212D002F58062904210D002F560
:10781000806290423FF452AF082252E7012250E7C3
:1078200002224EE703224CE704224AE7052248E7FA
:10783000062246E703B030BD704700BF0038014064
:10784000003C014000380240000002400369194238
:1078500001D001207047002070470AB18161704754
:10786000090481617047436901EA030221EA0301C7
:1078700041EA0241816170472DE9F04383B0D0F8BD
:107880000080C1EBC10300EB83035A6D1B6D9A426C
:1078900054D807460C469B1AC1EBC10200EB82028A
:1078A000526C9A4200D31A4602F103094FEA990931
:1078B00015E006F103094FEA9909C4EBC40507EB8B
:1078C0008505A96C3B7C0093B3B2E2B2404601F05F
:1078D000C9FBAB6C3344AB646B6D33446B6508EB35
:1078E000441303F510639B699BB24B4512D3C4EB61
:1078F000C40307EB83035A6D1B6D9A420AD24BB146
:107900009B1AC4EBC40207EB8202566C9E42D0D392
:107910001E46CEE7C4EBC40307EB83073A6D7B6DCD
:107920009A420FD804F00F040122A240D8F834384C
:1079300023EA0203C8F83438002000E0012003B035
:10794000BDE8F0830020FAE770B58AB0002800F0A7
:1079500090800546046890F8BD333BB3032385F857
:10796000BD33E36B13F4807F01D100232B612868C2
:1079700001F004F92C4654F8106BEC460FCCACE83F
:107980000F000FCCACE80F0094E803008CE8030074
:107990002B1D0ECB304601F033F8044658B10223BC
:1079A00085F8BD33012420460AB070BD80F8BC3391
:1079B00002F080FCD2E70021286801F0E5F82346B8
:1079C00016E0C3EBC30205EB8202012182F83D10F1
:1079D00082F83C30A2F84230002182F83F10516416
:1079E0009164C3EBC30205EB820211650133DBB284
:1079F00069688B42E5D316E0C4EBC40305EB83034F
:107A0000002283F8FD2183F8FC4183F8FF21C3F8AD
:107A10000422C3F80822C4EBC40305EB8303C3F8B4
:107A200010220134E4B2A142E6D82C4654F8106B7F
:107A3000EC460FCCACE80F000FCCACE80F0094E89C
:107A400003008CE803002B1D0ECB304601F0E2F85A
:107A5000044620B1022385F8BD330124A3E70023A7
:107A600085F83830012385F8BD33286801F0B6FC6D
:107A700099E7012497E7026890F8BC33012B19D0ED
:107A800010B50446012380F8BC33836A012B09D06A
:107A9000206801F06DF8206801F092FC002084F865
:107AA000BC0310BD8369012BF2D0936B43F4803388
:107AB0009363EDE70220704770B504460D460068F9
:107AC000066C00EB411303F530639A6821690129C4
:107AD00011D034498E424ED03DB9C5EBC50304EBFD
:107AE0008303D3F81032002B56D0E9B2204602F0BF
:107AF00048FC002070BD12F0080F09D02A498E42C0
:107B0000F7D912F4004FF4D04FF400429A60F0E736
:107B100012F0200F02D020229A60EAE712F0280F1C
:107B2000E7D121498E4206D912F4004F03D04FF419
:107B300000429A60DDE7C5EBC50204EB8202D2F891
:107B400004121B69C3F31203CB1AC2F81432D2F821
:107B500008320B44C2F8083215B9D2F8103223B1FA
:107B6000E9B2204602F00DFCC3E704F57172012171
:107B700001F086FCF4E712F4004F03D04FF400420A
:107B80009A60B6E712F0200F01D020229A60E9B285
:107B9000204602F0F6FBACE704F57172002101F01B
:107BA0006FFCA2E70A31544F0A30544F38B50446EF
:107BB00003681D6C03EB4113D3F8081B0E4A954272
:107BC00007D903F5306311F4004F02D04FF400429F
:107BD0009A60204602F0A2FB074B9D4202D923691E
:107BE000012B01D0002038BD04F5717201212068FD
:107BF00001F046FCF6E700BF0A30544F2DE9F84F7C
:107C000004460568284601F026FC08B1BDE8F88F57
:107C10000646206801F0F0FB0028F7D0206801F04C
:107C2000EBFB10F0020F04D02268536903F002034B
:107C30005361206801F0E0FB10F0100F13D02268B0
:107C4000936923F0100393612F6A07F00F08C7F3BD
:107C50004343022B68D0062B00F08480226893698E
:107C600043F010039361206801F0C6FB10F4002F6D
:107C700040F08A80206801F0BFFB10F4802F40F0B4
:107C8000CC80206801F0B8FB0028C0F23681206863
:107C900001F0B2FB10F4006F0AD0D5F8083813F0E9
:107CA000010F40F044812268536903F4006353617B
:107CB000206801F0A1FB10F4805F40F03C81206857
:107CC00001F09AFB10F4005F40F09181206801F010
:107CD00093FB10F0080F40F0A281206801F08CFBAC
:107CE00010F4801F40F0A481206801F085FB10F49F
:107CF000001F40F0A781206801F07EFB10F0804F4C
:107D000040F0AA81206801F077FB10F0040F3FF4E7
:107D10007DAF23685D6815F0040F40F0A6812268EE
:107D200053682B43536071E747F6F0731F4295D0B9
:107D30004FEA171BC8EBC80904EB8909C7F30A12FD
:107D4000D9F80812284601F0C1FAD9F80822CBF375
:107D50000A031A44C9F80822D9F814120B44C9F8C6
:107D600014327BE7082204F57171284601F0AEFA5F
:107D7000C8EBC80304EB8303D3F81422C7F30A1734
:107D80003A44C3F8142269E7206801F039FB07463A
:107D9000B04616E005EB48130122C3F8082B414614
:107DA0002046FFF789FE1BE005EB48130822C3F8C5
:107DB000082B41462046FFF7F9FE14E008F10108C0
:107DC0007F08002F3FF456AF17F0010FF6D05FFA8F
:107DD00088F1206801F024FB814610F0010FD9D111
:107DE00019F0080FE0D119F0100F04D005EB48137B
:107DF0001022C3F8082B19F0200F04D005EB48130C
:107E00002022C3F8082B19F4005FD7D005EB4813E4
:107E10004FF40052C3F8082BD0E7206801F0F8FABD
:107E20000746B04629E05146204602F0B6FA19F05E
:107E3000080F04D005EB48130822C3F8082919F0ED
:107E4000100F04D005EB48131022C3F8082919F0CD
:107E5000400F04D005EB48134022C3F8082919F05D
:107E6000020F04D005EB48130222C3F8082919F0C9
:107E7000800F3DD108F101087F08002F3FF401AFCA
:107E800017F0010FF6D05FFA88FA5146206801F02A
:107E9000D0FA814610F0010FC9D008F00F0201217D
:107EA00001FA02F2D5F8343823EA0203C5F834386F
:107EB00005EB4813C3F8081923698B42B3D1C8EB0B
:107EC000C80304EB83039A6C596C0A449A64B8F1B2
:107ED000000FA8D1C8EBC80304EB83031B6D002B74
:107EE000A1D104F571720121206801F0C9FA9AE765
:107EF00041462046FFF7C0FCBCE7D5F8043823F024
:107F00000103C5F8043894F8F433012B08D0204657
:107F100002F07CFA2268536903F000435361B6E62D
:107F2000002184F8F413204600F044FAF2E72046DA
:107F300002F054FAB7E605F500677B6823F0010309
:107F40007B601021206800F037FE20E005EB46132F
:107F50004FF67F31C3F80819D3F8002922F4001234
:107F6000C3F80029D3F8002942F00062C3F80029C1
:107F7000C3F8081BD3F8002B22F40012C3F8002B1F
:107F8000D3F8002B42F00062C3F8002B013663687F
:107F9000B342DBD8FB6943F00113FB61236BDBB118
:107FA000D7F8843043F00B03C7F884307B6C43F080
:107FB0000B037B64D5F8003823F4FE63C5F8003862
:107FC00004F57172217C206801F05AFA2268536925
:107FD00003F48053536172E67B6943F4005343F02A
:107FE0002B037B613B6943F00B033B61E2E72068B5
:107FF00001F035FA206800F0D5FEE060256800F059
:10800000DBFC0146227B284600F040FD204602F0C2
:10801000D5F92268536903F40053536156E62046AC
:1080200002F0C6F92268536903F00803536154E66D
:108030000021204602F0F6F92268536903F4801308
:10804000536151E60021204602F0E6F922685369A7
:1080500003F4001353614EE6204602F0E9F922686A
:10806000536903F0804353614CE6204602F0E6F981
:1080700055E690F8BC33012B0DD010B50446012312
:1080800080F8BC3380F83810006801F089F90020CE
:1080900084F8BC0310BD0220704738B505468C46F5
:1080A00011F0800F29D101F00F0ECEEBCE04A40009
:1080B00004F5FC740444211DCEEBCE0E00EB8E0EB5
:1080C00000208EF8FD010CF00F0C81F800C08A60D2
:1080D000CB704A780AB1A1F806C0022B1DD095F8E2
:1080E000BC33012B1CD0012385F8BC33286800F079
:1080F0006AFE002085F8BC0338BD01F00F00C0EB1C
:10810000C0018900383129440431C0EBC00005EBBF
:108110008000012480F83D40D5E700230B71DEE7A5
:108120000220E9E710B504460A4611F0800F20D17D
:1081300001F00F00C0EBC0039B0003F5FC73234468
:10814000191DC0EBC00004EB8000002380F8FD3156
:1081500002F00F020A7094F8BC33012B19D00123EE
:1081600084F8BC33206800F07BFE002084F8BC0358
:1081700010BD01F00F00C0EBC0039B003833234457
:10818000191DC0EBC00004EB8000012380F83D30D6
:10819000DEE70220ECE710B501F00F04C4EBC401E8
:1081A000890001F5FC7101440431C4EBC40C00EBFF
:1081B0008C0CCCF80822CCF810320023CCF8143206
:1081C0008CF8FD318CF8FC410369012B06D064B9B1
:1081D000DAB2006800F0B4FE002010BDC4EBC40C9D
:1081E00000EB8C0CCCF80C22F1E7DAB2006800F05E
:1081F00051FFF1E701F00F01C1EBC10100EB81007C
:10820000D0F81402704710B501F00F04C4EBC4019C
:108210008900383101440431C4EBC40C00EB8C0CF0
:10822000CCF84820CCF850300023CCF8543001234F
:108230008CF83D308CF83C400369012B06D064B9C2
:10824000DAB2006800F07CFE002010BDC4EBC40C64
:1082500000EB8C0CCCF84C20F1E7DAB2006800F0AF
:1082600019FFF1E738B501F00F054268954239D89A
:1082700004460B4611F0800F1FD1C1EBC1018900EC
:1082800001F5FC7101440431C3EBC30300EB83032C
:10829000002283F8FD2101238B700D7094F8BC330C
:1082A000012B21D0012384F8BC33206801F01DF894
:1082B0008DB1002084F8BC0338BDC5EBC501890031
:1082C000383101440431C5EBC50300EB83030122BF
:1082D00083F83D20DFE704F57172217C206801F00E
:1082E000CFF8E6E70120E7E70220E5E701F00F031A
:1082F0004268934231D810B5044611F0800F1ED168
:10830000C3EBC301890001F5FC7101440431C3EBE7
:10831000C30200EB8202002082F8FD0100228A7075
:108320000B7094F8BC33012B19D0012384F8BC33B3
:10833000206801F007F8002084F8BC0310BDC3EBEF
:10834000C3018900383101440431C3EBC30200EB9F
:108350008202012082F83D00E0E701207047022000
:10836000ECE710B40468606A29B940EA0240A062F0
:10837000002010BC70478C46A36A00EB134000231A
:1083800008E003F1400104EB8101496800EB114072
:108390000133DBB20CF1FF318B42F2D340EA0240F1
:1083A0000CF13F0104EB81046060E1E7036859626E
:1083B0000020704770470000002800F0E08170B591
:1083C00082B00446036813F0010F3BD09F4B9B68BB
:1083D00003F00C03042B2CD09C4B9B6803F00C0384
:1083E000082B21D06368B3F5803F4FD0B3F5A02FA1
:1083F00052D0964B1A6822F480321A601A6822F41E
:1084000080221A606368002B50D0FEF75FFC05469F
:108410008E4B1B6813F4003F14D1FEF757FC401B32
:108420006428F5D90320B1E1884B5B6813F4800F11
:10843000D8D0864B1B6813F4003F03D06368002B31
:1084400000F09F81236813F0020F54D07F4B9B688C
:1084500013F00C0F3ED07D4B9B6803F00C03082BF0
:1084600033D0E368002B68D0794B01221A60FEF705
:108470002DFC0546754B1B6813F0020F54D1FEF717
:1084800025FC401B0228F5D903207FE16F4A1368C1
:1084900043F480331360B5E76C4B1A6842F48022D2
:1084A0001A601A6842F480321A60ABE7FEF70EFCDD
:1084B0000546664B1B6813F4003FC3D0FEF706FC6D
:1084C000401B6428F5D9032060E1604B5B6813F41E
:1084D000800FC6D15D4B1B6813F0020F03D0E36819
:1084E000012B40F05081594A136823F0F8032169A9
:1084F00043EAC1031360236813F0080F42D0636995
:108500006BB3534B0122C3F8802EFEF7DFFB054609
:108510004E4B5B6F13F0020F34D1FEF7D7FB401BBD
:108520000228F5D9032031E1484A136823F0F80303
:10853000216943EAC1031360DDE7454B00221A605D
:10854000FEF7C4FB0546414B1B6813F0020FD2D067
:10855000FEF7BCFB401B0228F5D9032016E13C4B7B
:108560000022C3F8802EFEF7B1FB0546374B5B6F48
:1085700013F0020F06D0FEF7A9FB401B0228F5D925
:10858000032003E1236813F0040F77D02F4B1B6CFB
:1085900013F0805F33D1002301932C4B1A6C42F00F
:1085A00080521A641B6C03F080530193019B0125D8
:1085B000284B1B6813F4807F23D0A368012B34D091
:1085C000052B38D0214B1A6F22F001021A671A6F5F
:1085D00022F004021A67A368002B3DD0FEF776FB59
:1085E00006461A4B1B6F13F0020F46D1FEF76EFBC7
:1085F000801B41F288339842F3D90320C6E000255E
:10860000D6E7144A136843F480731360FEF75EFBE9
:108610000646104B1B6813F4807FCED1FEF756FB45
:10862000801B0228F5D90320B0E0084A136F43F0FD
:1086300001031367CFE7054B1A6F42F004021A6774
:108640001A6F42F001021A67C5E700BF0038024006
:108650000000474200700040FEF738FB0646524BD0
:108660001B6F13F0020F08D0FEF730FB801B41F2A6
:1086700088339842F3D9032088E0EDB9A369002B31
:1086800000F08380484A926802F00C02082A51D018
:10869000022B17D0454B00221A66FEF717FB044643
:1086A000414B1B6813F0007F42D0FEF70FFB001B0D
:1086B0000228F5D9032069E03B4A136C23F080536C
:1086C0001364DBE7394B00221A66FEF7FFFA054612
:1086D000354B1B6813F0007F06D0FEF7F7FA401BFE
:1086E0000228F5D9032051E0E369226A1343626A44
:1086F00043EA8213A26A5208013A43EA0243E26A59
:1087000043EA0263284A5360284B01221A66FEF7A7
:10871000DDFA0446244B1B6813F0007F06D1FEF7F8
:10872000D5FA001B0228F5D903202FE000202DE008
:1087300000202BE0012B2BD01B4B5B6803F4800146
:10874000E269914226D103F03F02216A8A4223D195
:10875000616A47F6C0721A40B2EB811F1ED103F462
:108760004031A26A5208013AB1EB024F18D103F02E
:108770007063E26AB3EB026F14D1002006E00120BF
:108780007047012002E0012000E0002002B070BD2F
:108790000120FBE70120F9E70120F7E70120F5E7D9
:1087A0000120F3E70120F1E70038024000004742D2
:1087B00008B5264B9B6803F00C03042B41D0082B13
:1087C00041D1224B5A6802F03F025B6813F4800FDC
:1087D00012D01E4B5968C1F388111D480023A1FB1C
:1087E0000001F8F7CBF9194B5B68C3F30143013380
:1087F0005B00B0FBF3F027E0144B5868C0F388101F
:108800004FEA401CBCEB000C6EEB0E0E4FEA8E13D1
:1088100043EA9C634FEA8C11B1EB0C0163EB0E034E
:10882000DB0043EA5173C90011EB000C43F1000374
:10883000990200234FEA8C2041EA9C51F8F79EF9F7
:10884000D1E7034800E0034808BD00BF00380240FC
:1088500040787D010024F400002800F09B8070B572
:108860000D4604464F4B1B6803F007038B4208D2AA
:10887000CBB24C4A1370136803F007038B4240F0ED
:108880008B80236813F0020F17D013F0040F04D06D
:10889000454A936843F4E0539360236813F0080F4C
:1088A00004D0414A936843F4604393603E4A93681E
:1088B00023F0F003A1680B439360236813F0010FCA
:1088C00032D06368012B21D09A1E012A25D9364A5D
:1088D000126812F0020F61D033498A6822F0030255
:1088E00013438B60FEF7F2F906462F4B9B6803F0AB
:1088F0000C036268B3EB820F16D0FEF7E7F9801B1A
:1089000041F288339842F0D9032042E0264A1268A7
:1089100012F4003FE0D101203BE0234A126812F03C
:10892000007FD9D1012034E01E4B1B6803F0070300
:10893000AB4207D9EAB21B4B1A701B6803F007035E
:10894000AB422DD1236813F0040F06D0164A93686A
:1089500023F4E053E1680B439360236813F0080F9E
:1089600007D0114A936823F46043216943EAC103A5
:108970009360FFF71DFF0C4B9B68C3F303130B4A77
:10898000D35CD8400A4B18600A4B1868FEF752F9BE
:10899000002070BD012070470120FAE70120F8E7B0
:1089A0000120F6E7003C024000380240CC200108DC
:1089B000040000200C000020014B1868704700BF25
:1089C00004000020002301330C4A934211D80269AD
:1089D000002AF8DA036943F001030361002301333D
:1089E000064A934207D8026912F0010FF7D100201E
:1089F0007047032070470320704700BF400D0300FD
:108A000084B010B5044603A880E80E00089B012B33
:108A10001FD1A36B23F48033A363E36823F484039F
:108A200023F04003E360E36823F44013E3600F9B0B
:108A3000012B09D02046FFF7C5FF069B012B1BD059
:108A4000BDE8104004B07047E36843F48013E3606E
:108A5000F0E7E36843F04003E3602046FFF7B2FF2E
:108A60000C9B23B9A36B43F48033A363E5E7A36BAB
:108A700023F48033A363E0E7A36843F00603A36015
:108A8000A36843F02003A360DAE70000022A0AD0BB
:108A90000922C36823F47053C360C36843EA822386
:108AA000C36000207047234B0B44234A93422FD9C5
:108AB000224B0B44224A93422CD9A1F57403A3F50F
:108AC0001053204A934227D9A1F18373A3F5E743BA
:108AD0001D4A934222D31D4B0B441D4A93421FD97A
:108AE0001C4B0B441C4A93421CD31C4B0B441C4A8A
:108AF000934219D3A1F1B773A3F55853194A93427E
:108B000014D3194B0B44194A934211D20722C0E7E0
:108B10000F22BEE70E22BCE70D22BAE70C22B8E70F
:108B20000B22B6E70A22B4E70922B2E70822B0E72F
:108B30000622AEE7405327FFFF340C00401E1BFF08
:108B40003F420F007F4F120020D6130060B6E5FEB3
:108B50005FE3160000D3CEFE40771B00C05BB3FE80
:108B6000C091210020753800E05459FEE09C41007E
:108B7000836843F00103836000207047836823F01B
:108B8000010383600020704708B5C36823F0C04329
:108B9000C360012909D069B9C36843F08043C36049
:108BA0003220FEF799F8002008BDC36843F0005357
:108BB000C360F5E70120F7E7890141F02001016179
:108BC00000230133054A934205D8026912F0200FB1
:108BD000F7D1002070470320704700BF400D03000D
:108BE0001023036100230133054A934205D802692B
:108BF00012F0100FF7D1002070470320704700BF1C
:108C0000400D0300D0F800381943C0F800180020C8
:108C10007047000084B02DE9F041044607A880E8C1
:108C20000E00002306E003F1400204EB8202002163
:108C3000516001330E2BF6D9119F27BBD4F80438AD
:108C400043F00203C4F80438A36B43F40013A36396
:108C5000A36B23F40023A363A36B23F48023A363F8
:108C60000023C4F8003E04F50065D4F80038C4F8C9
:108C700000380C9B012B14D1099B6BB900212046B5
:108C8000FFF7C0FF11E0A36B23F40013A363A36BF2
:108C900043F40023A363E3E701212046FFF7B2FF7B
:108CA00003E003212046FFF7ADFF10212046FFF728
:108CB00083FF804608B14FF001082046FFF790FF80
:108CC00008B14FF0010800232B616B61EB610AE0F2
:108CD000C3B94FF00060C2F8000900220A614FF6E4
:108CE0007F328A6001330799994210D904EB43120D
:108CF00002F51061D2F800090028E9DB0020C2F873
:108D00000009EAE74FF09040C2F80009E5E70023C8
:108D10000AE0C3B14FF0904CC2F800CB00220261D0
:108D20004FF67F3282600133994211D904EB43122E
:108D300002F53060D2F8006B002EEADB4FF0000C39
:108D4000C2F800CBEAE74FF0006CC2F800CBE5E7D1
:108D50002B6923F480732B610023A3616FF08043A0
:108D600063610A9B1BB9A36943F01003A361A26965
:108D70000B4B1343A3610D9B1BB1A36943F0080385
:108D8000A361012F04D04046BDE8F04104B0704714
:108D9000A36943F0804343F00403A361F3E700BFFA
:108DA00000383C80D0F8083813F0060307D0022BB7
:108DB00007D0062B01D00F207047022070470020FB
:108DC00070470220704710B591F800C04B78012B16
:108DD00023D000F5006ED0F81C380CF00F040122EF
:108DE000A24043EA0243C0F81C3800EB4C10D0F814
:108DF000003B13F4004F0ED1D0F8003B8A68C2F359
:108E00000A02C97842EA8142134343F0805343F493
:108E10000043C0F8003B002010BDD0F81C280CF027
:108E20000F0E03FA0EF39BB21343C0F81C3800EB8D
:108E30004C10D0F8003913F4004FECD1D0F80039C1
:108E40008A68C2F30A02C97842EA814242EA8C5235
:108E5000134343F0805343F40043C0F80039DAE78A
:108E600030B40B784A78012A26D000EB4313D3F8AC
:108E7000002B002A52DBD0F83C480A7802F00F029F
:108E80004FF0010C0CFA02F224EA0242C0F83C282E
:108E9000D0F81C28097801F00F010CFA01FC22EA35
:108EA0000C42C0F81C28D3F8001B234A0A40C3F820
:108EB000002B002030BC704700EB4313D3F800298F
:108EC000002A1EDBD0F83C580A7802F00F02012479
:108ED00004FA02F292B225EA0202C0F83C28D0F865
:108EE0001C28097801F00F018C40A4B222EA040288
:108EF000C0F81C28D3F80019104A0A40C3F800290A
:108F0000D7E7D3F8002942F00062C3F80029D3F86C
:108F1000002942F08042C3F80029D3E7D3F8002BA0
:108F200042F00062C3F8002BD3F8002B42F08042DD
:108F3000C3F8002B9FE700BF0078F3EF007833EC15
:108F400030B40B784C78012C27D000EB431000F59F
:108F500030631C69E40CE4041C611C6924F0FF54B8
:108F600024F4C0141C614C690CB18C684C611C6900
:108F700044F400241C611C698D68C5F3120C44EA9A
:108F80000C041C61012A68D0D0F8003B43F0044374
:108F9000C0F8003B002030BC70474C696CBB00EB54
:108FA0004314D4F8105925F0FF5525F4C015C4F822
:108FB0001059D4F8105945F40025C4F81059D4F8C4
:108FC0001059ED0CED04C4F81059012A36D000EB0D
:108FD0004313D3F8002942F00442C3F800294B6937
:108FE000002BD7D0D0F83438097801F00F010122D6
:108FF0008A401343C0F83438CCE700EB431404F53F
:1090000010642569ED0CED042561256925F0FF55F7
:1090100025F4C01525618D68D1F814C0AC4500D980
:109020004D61256945F4002525612569D1F814C0F5
:10903000CCF3120C45EA0C052561C6E70A691AB1A2
:1090400000EB4311C1F8142900EB4313D3F80029B6
:1090500042F00442C3F800299CE7CA68002A93D072
:109060005A6191E710B59DF8084084B903334FEA7F
:10907000930E4FF0000C08E000EB023303F5805331
:1090800051F8044B1C600CF1010CF445F4D30020A2
:1090900010BD000070B582B00B784C78012C33D035
:1090A00000EB431303F5306CDCF81040E40CE404EF
:1090B000CCF81040DCF8104024F0FF5424F4C01425
:1090C000CCF810404C69002C40F0C980DCF810400E
:1090D0008D68C5F312052C43CCF81040DCF8104025
:1090E00044F40024CCF81040012A00F0D280CA7861
:1090F000012A00F0D580D3F8002B42F00442C3F8D7
:10910000002B002002B070BD4C6984BB00EB4314FF
:10911000D4F8105925F0FF5525F4C015C4F810599E
:10912000D4F8105945F40025C4F81059D4F8105952
:10913000ED0CED04C4F81059012A4ED000EB431396
:10914000D3F8004944F00444C3F80049CC78012C1A
:109150006CD04B69002BD4D0D0F83438097801F0AA
:109160000F0101228A401343C0F83438C9E700EBED
:109170004314D4F81059ED0CED04C4F81059D4F888
:10918000105925F0FF5525F4C015C4F81059D4F82E
:1091900010598E68D1F814C0B4440CF1FF3CBCFBEC
:1091A000F6FC494E06EACC463543C4F81059D4F8CB
:1091B00010594E69C6F312063543C4F8105904F528
:1091C0001064CD78012DB7D1256925F0C045256102
:1091D000256945F000552561AEE70A691AB100EB33
:1091E0004314C4F81429CA78012A08D000EB4313A9
:1091F000D3F8002942F00442C3F8002981E7D0F8EF
:10920000082812F4807F08D100EB4311D1F800291F
:1092100042F00052C1F80029E8E700EB4311D1F811
:10922000002942F08052C1F80029DFE7D0F8084851
:1092300014F4807F0CD1D3F8004944F00054C3F8F3
:10924000004900928B8A0A78C968FFF70BFF58E73C
:10925000D3F8004944F08054C3F80049F1E78D6821
:109260002C44013CB4FBF5F4DCF810501FFA84FEEA
:10927000154E06EAC4442C43CCF81040DCF81050DC
:109280008C680EFB04F4C4F312042C43CCF8104099
:109290002AE7CA68002A3FF42AAFCCF8142026E750
:1092A000D0F8082812F4807F06D1D3F8002B42F0C2
:1092B0000052C3F8002B1EE7D3F8002B42F0805277
:1092C000C3F8002B17E700BF0000F81F84460846CC
:1092D00003329208002305E00CF58051096840F83C
:1092E000041B01339342F7D370470B784A78012A65
:1092F00014D000EB4310D0F8002B002A06DB2BB172
:10930000D0F8003B23F08043C0F8003BD0F8003B8E
:1093100043F40013C0F8003B0020704700EB4310FB
:10932000D0F80029002A06DB2BB1D0F8003923F051
:109330008043C0F80039D0F8003943F40013C0F876
:109340000039E9E70B784A78012A0ED000EB431088
:10935000D0F8003B23F40013C0F8003BCB78023B6D
:10936000DBB2012B15D90020704700EB4310D0F879
:10937000003923F40013C0F80039CB78023BDBB28C
:10938000012BF0D8D0F8003943F08053C0F80039F1
:10939000E9E7D0F8003B43F08053C0F8003BE2E738
:1093A000D0F8003823F4FE63C0F80038D0F8003855
:1093B000090101F4FE610B43C0F80038002070473A
:1093C000D0F8003E23F00303C0F8003ED0F8043884
:1093D00023F00203C0F8043800207047D0F8003EA4
:1093E00023F00303C0F8003ED0F8043843F0020332
:1093F000C0F8043800207047426980691040704707
:10940000D0F8183800F50060C0691840000C7047AB
:10941000D0F8183800F50060C069184080B2704775
:1094200000EB4111D1F8082B00F5006040691040B5
:109430007047D0F81028D0F8343801F00F0C23FA18
:109440000CF3DB01DBB2134300EB411000F51060BD
:10945000806818407047406900F001007047D0F8FC
:10946000003923F4FF6323F00703C0F80039D0F874
:10947000043843F48073C0F80438002070470000BB
:1094800010B4046C144B9C4203D9D0F8003B002B61
:1094900016DB0024C0F8104BD0F8104B44F4002425
:1094A000C0F8104BD0F8104B44F01804C0F8104B23
:1094B000D0F8104B44F0C044C0F8104B012902D042
:1094C000002010BC7047C0F8142BD0F8003B43F0CC
:1094D0008023C0F8003BF3E70A30544FD0F818322D
:1094E0006BB1012903D0032905D000207047002269
:1094F00083F84C20F9E7002283F86420F5E7022086
:10950000704710B5D0F81842D0F81C325BB194F80F
:109510004000FF2807D09B6894F8412021469847D7
:10952000FF2384F84030002010BD00006A23038030
:1095300000487047F00000206A230380004870470D
:10954000F00000206A23038000487047F0000020EC
:109550000A230380004870479801002070B5054633
:109560000E46D0F81842012914D0032914D16834CA
:109570003146284601F034F86060D5F818326BB1F6
:10958000D5F81C32DB68214651F8040B3246984767
:10959000002070BD5034EBE70220FAE70220F8E724
:1095A00008B58B88042B03D000F0D8FA022008BD40
:1095B000CA88024900F025FD0020F8E7C800002015
:1095C00008B500F0CBFA022008BD000010B58C7879
:1095D0008B88052B06D14CB9CA88064900F011FDCD
:1095E000204610BD00F0BAFA0224F9E700F0B6FAFE
:1095F0000224F5E71000002008B500F0AFFA0220C1
:1096000008BD08B50B7813F0030305D0012B0CD06F
:1096100000F0A4FA022008BD4B78502B02D0FFF7CF
:10962000CFFFF8E7FFF7BCFFF5E74B78502B02D0F0
:10963000FFF7E2FFEFE7FFF7C9FFECE770B505467C
:109640000C46D0F81862097801F06003202B04D092
:10965000402B2CD043B3002070BDE288DAB111F06A
:10966000800F0CD0D0F81C329B6831466078984748
:10967000E2883146284600F0C4FC0020ECE763781D
:1096800086F84030E38886F84130E288314600F0C1
:10969000CDFC0020E0E7D0F81C329B680022214678
:1096A000607898470020D7E763780A2B04D02146DA
:1096B0002846FFF7A6FFCFE70122024900F0A1FCF0
:1096C000F5E700BF5021002010B50446812100F0CD
:1096D00016FF0121204600F012FF8221204600F0F3
:1096E0000EFF8321204600F00AFF0321204600F0F0
:1096F00006FFD4F8183253B1D4F81C325B6898478F
:10970000D4F8180200F07AFF0023C4F818320020C1
:1097100010BD38B50446037C002B40D14023022203
:10972000812100F0DAFE402302220121204600F0D0
:10973000D4FE402302228321204600F0CEFE4023A7
:1097400002220321204600F0C8FE082303228221C2
:10975000204600F0C2FE742000F048FF0546C4F821
:10976000180278B3D4F81C321B689847002385F898
:109770004C3085F8583085F8643085F87030237C9B
:10978000CBB940232A6D0121204600F01AFF402367
:10979000AA6E0321204600F014FF002038BD4023AC
:1097A0000222812100F099FE40230222012120465D
:1097B00000F093FEBDE740232A6D0121204600F012
:1097C00000FFE4E70120E9E719B1C0F81C1200200E
:1097D000704702207047D0F81802012B07D0032BE6
:1097E00008D100F15C0319605A600020704700F155
:1097F0004403F8E702207047D0F81832012A05D058
:10980000032A05D168331960002070475033FAE706
:109810000220704710B5D0F81822B2B101290AD041
:10982000032914D15C328321137A03F0FF042BB196
:109830000124204610BD44328121F5E70123137233
:109840009388126800F0AEFEF3E70224F1E70224E9
:10985000EFE7D0F818227AB1012903D0032903D009
:1098600002207047503200E0683208B54023126889
:1098700000F0A7FE002008BD0220704798B108B58F
:109880000346D0F8140210B10020C3F8140209B145
:10989000C3F81012012183F8FC111A70184600F069
:1098A000D3FD002008BD0220704719B1C0F8141282
:1098B000002070470220704708B500F0FFFD00202F
:1098C00008BD08B5D0F814322BB11B68984700B911
:1098D00008BD0220FCE70220FAE708B5D0F81432F0
:1098E0005B689847002008BD38B5044600F502754E
:1098F000284600F01FF90123C4F8F431B4F80E3201
:10990000C4F8F83194F8081201F01F03012B0ED0AF
:10991000022B11D02BB101F08001204600F0FEFD9A
:1099200003E02946204600F082FA002038BD29468F
:10993000204600F0A0FAF8E72946204600F0B6FAE3
:10994000F3E710B5044629BB1346D0F8F421032AE7
:1099500001D0002010BDD0F80C11D0F81021914298
:109960000BD8D0F814321B691BB190F8FC21032AE4
:109970000ED0204600F071FBEBE7891AC0F80C11FD
:109980008A4228BF0A4692B2194600F05EFBE0E721
:109990009847EEE70A46D0F814329B69002BD8D0DE
:1099A00090F8FC110329D4D111469847D1E710B59E
:1099B0000446002947D11346D0F8F421022A05D0E5
:1099C00094F80032012B3AD0002010BDC269016A20
:1099D0008A4217D88269B2FBF1F301FB13232BB93A
:1099E000914203D8D0F8F8319A4218D3D4F81432FF
:1099F000DB681BB194F8FC21032A1DD0204600F03F
:109A000037FBDDE7521AC26192B2194600F006FB3D
:109A100000231A461946204600F0D3FDD0E7002265
:109A2000114600F0FBFA0021C4F8F8110B460A4673
:109A3000204600F0C6FDC3E720469847DEE7002336
:109A400084F80032C0E70A46D0F814325B69002B74
:109A5000BAD090F8FC110329B6D111469847B3E764
:109A600038B5044640230022114600F036FD40255B
:109A7000C4F810512B4600228021204600F02DFD15
:109A80002562012384F8FC31D4F818322BB1D4F8C4
:109A900014325B68217920469847002038BD017454
:109AA0000020704790F8FC3180F8FD31042380F8E5
:109AB000FC310020704790F8FD3180F8FC31002027
:109AC000704708B590F8FC31032B01D0002008BD89
:109AD000D0F81432DB69002BF8D09847F6E7002065
:109AE0007047002070470020704708B5012280F8B9
:109AF000FC21D0F81422526801799047002008BD5B
:109B00000346002002E00130C0B201331A78002A77
:109B1000F9D170474B88012B00D0704710B504462F
:109B2000C0F80432D0F814329B689847204600F001
:109B300094FA10BD0B7803704B7843708B78CA7819
:109B400003EB022343800B794A7903EB02238380E2
:109B50008B79CA7903EB0223C380704710B50446A2
:109B6000802100F0DBFC0021204600F0D7FC10BD76
:109B700030B583B004460D4649880B0A013B062BDD
:109B800000F28480DFE803F004132782826673000A
:109B9000D0F810321B680DF10601007C9847BDF823
:109BA000062012B1EB88002B74D103B030BD037CCA
:109BB00043B9D0F814329B6A0DF10600984702238E
:109BC0004370ECE7D0F81432DB6A0DF106009847D9
:109BD00002234370E3E7C9B2052934D8DFE801F076
:109BE000030B131B232BD0F810325B680DF1060119
:109BF000007C9847D3E7D0F810329B680DF106013E
:109C0000007C9847CBE7D0F81032DB680DF10601F5
:109C1000007C9847C3E7D0F810321B690DF10601AC
:109C2000007C9847BBE7D0F810325B690DF1060164
:109C3000007C9847B3E7D0F810329B690DF106011C
:109C4000007C9847ABE7D0F814329B6B0DF106020D
:109C50009847A4E7037C33B9D0F814325B6B0DF15D
:109C6000060098479BE72946FFF778FF9DE7037CAE
:109C700043B9D0F814321B6B0DF106009847072347
:109C800043708CE72946FFF769FF8EE72946FFF707
:109C900065FF8AE79A4228BF1A46ADF806200146BA
:109CA000204600F0AEF980E738B504468B88E3B96A
:109CB000CB88D3B98D7805F07F0590F8FC31032B64
:109CC0000CD080F8FE51294600F05DFC204600F0E3
:109CD000C4F935B1022384F8FC3109E0FFF73EFFF7
:109CE00006E0012384F8FC3102E02046FFF736FF4E
:109CF00038BD000038B504460D468978254B1970EB
:109D0000012909D890F8FC31022B09D0032B1CD073
:109D10002946FFF723FF02E02946FFF71FFF38BD62
:109D200081B14160032380F8FC31FFF7CAFD0228AE
:109D300003D0204600F091F9F1E729462046FFF7CD
:109D40000DFFECE700F089F9E9E789B14368994232
:109D50001DD0D9B2FFF7C1FD0E4B197861602046C6
:109D6000FFF7AFFD02280DD0204600F076F9D6E7C8
:109D7000022380F8FC314160FFF7AFFD204600F080
:109D80006CF9CCE729462046FFF7E8FEC7E700F06C
:109D900064F9C4E75121002008B5CB88012B08D114
:109DA00090F8FC31022B07D0032B0DD0FFF7D6FE25
:109DB00001E0FFF7D3FE08BD0146002341F8083F4C
:109DC000012200F01EF9F6E70122011D00F019F949
:109DD000F1E708B590F8FC31023B012B0CD80123C8
:109DE000C360D0F804320BB10323C360022200F138
:109DF0000C0100F006F908BDFFF7B0FEFBE710B557
:109E0000044690F8FC31023B012B0DD84B88012B06
:109E10000CD10023C0F80432D0F814329B68984764
:109E2000204600F01AF901E0FFF798FE10BD08B5D2
:109E30004B78092B1CD8DFE803F012181B151B09FF
:109E4000051B0F0CFFF794FE002008BDFFF72CFF49
:109E5000FAE7FFF74FFFF7E7FFF79EFFF4E7FFF79B
:109E6000B8FFF1E7FFF756FEEEE7FFF7C8FFEBE7B5
:109E7000FFF774FEE8E738B504460D4690F8FC316C
:109E8000032B0FD10B79032B09D8D0F814329B6820
:109E90009847EB8843B9204600F0DFF804E0FFF76D
:109EA0005DFE01E0FFF75AFE002038BD38B50546DB
:109EB0000C468A880B7803F06003202B09D0D1B2BE
:109EC0006378012B2DD0032B08D0002B4DD0002020
:109ED00038BDD0F814329B689847F8E790F8FC3109
:109EE000022B05D0032B0AD02146FFF737FEEEE701
:109EF0000029ECD08029EAD000F010FBE7E7638866
:109F000013B909B1802909D1D5F814329B682146CB
:109F100028469847284600F0A0F8D8E700F0FEFA57
:109F2000F2E790F8FC31022B05D0032B0AD0214632
:109F3000FFF714FECBE70029C9D08029C7D000F075
:109F4000EDFAC4E76388002BC1D111F07F0F03D174
:109F5000284600F082F8BAE700F0EFFAD5F814329C
:109F60009B68214628469847F2E790F8FC31022B7F
:109F700005D0032B09D02146FFF7F0FDA7E711F02C
:109F80007F0FA4D000F0CAFAA1E712F0800F11D120
:109F900001F07F04103400EB04140434284600F070
:109FA000DBFA70B10123236002222146284600F02B
:109FB00028F88CE701F07F04013400EB041404342A
:109FC000ECE700232360EFE7D0B170B50D461646ED
:109FD0000446FFF795FD431C5B009BB233802B705A
:109FE00003236B70022307E001345A1CD2B2E854F9
:109FF0000233DBB20021A95420780028F4D170BDCF
:10A00000704708B513460222C0F8F4218361C3618A
:10A010000A46002100F0C6FA002008BD08B5134624
:10A020000A46002100F0BEFA002008BD08B513461C
:10A030000322C0F8F421C0F80831C0F80C310A46F8
:10A04000002100F0BEFA002008BD08B513460A46FC
:10A05000002100F0B6FA002008BD08B50423C0F8BE
:10A06000F43100231A46194600F09CFA002008BD7E
:10A0700008B50523C0F8F43100231A46194600F04C
:10A08000A0FA002008BD000008B500220F491048C2
:10A09000FFF7F4FB70B90F490D48FFF706FC60B9F4
:10A0A0000D490B48FFF790FB50B90948FFF704FC36
:10A0B00048B908BDFBF780F9EDE7FBF77DF9EFE75D
:10A0C000FBF77AF9F1E7FBF777F9F2E7D401002023
:10A0D000542100205C010020A401002000207047D2
:10A0E000202803D0212814D0002070470B784A780C
:10A0F00043EA02238A7843EA0243CA7843EA0263C6
:10A100000D4A13600B7913714B7953718B799371ED
:10A11000EAE7094A13680B70C3F307204870C3F3DA
:10A12000074088701B0ECB7013790B7153794B71FC
:10A1300093798B71D8E700BFB401002010B509688E
:10A14000FCF7D4FA054C012205492046FFF754FBE1
:10A1500001212046FFF77DFB002010BD5421002087
:10A16000B823002010B5074C0123002206492046E1
:10A17000FFF731FB012205492046FFF73DFB002098
:10A1800010BD00BF5421002078230020B8230020F8
:10A190000C4BD3F8183293B1012803D0032807D011
:10A1A0000020704793F84C30002BFAD00020704705
:10A1B00093F864300BB901207047002070470020ED
:10A1C000704700BF54210020F8B505460E461446DE
:10A1D0001046FFF7DDFF08B90120F8BD054F234603
:10A1E000324629463846FFF7F6FA21463846FFF749
:10A1F00011FBF2E75421002012230B800048704726
:10A20000C001002004230B8000487047BC010020DF
:10A2100010B50A46034C21460348FFF7D5FE2046F9
:10A2200010BD00BFF8230020DC20010810B50A464D
:10A23000034C21460348FFF7C7FE204610BD00BF70
:10A24000F8230020EC20010810B50A46034C2146F3
:10A250000348FFF7B9FE204610BD00BFF8230020D9
:10A26000F820010810B50A46034C21460348FFF7C1
:10A27000ABFE204610BD00BFF823002008210108D6
:10A2800010B50A46034C21460348FFF79DFE2046C1
:10A2900010BD00BFF82300201C21010810B5034C9D
:10A2A00021460348FFF790FE204610BDF82300200A
:10A2B000DC2001080368B3F1A04F00D0704710B54F
:10A2C00086B04FF4C05301930223029300240394F9
:10A2D000032304930A23059301A90E48FDF7BCF953
:10A2E0000D4B5A6B42F080025A6300945A6C42F450
:10A2F00080425A645B6C03F480430093009B2246C7
:10A3000005214320FDF780F94320FDF78DF906B0C4
:10A3100010BD00BF0000024000380240F8B50446FE
:10A32000D0F8045405F5027700F5717631463846C9
:10A33000FFF700FC95F8083203F06003402B03D1CF
:10A3400095F80932502B05D03146D4F80404FFF7B4
:10A35000CBFAF8BD0123C5F8F431B5F80E32C5F8D3
:10A36000F831D5F814329B68394628469847B5F835
:10A370000E32002BEDD10028EBD12846FFF76DFE01
:10A38000E7E708B5C1EBC10300EB8303D3F808226C
:10A39000D0F80404FFF7D5FA08BD08B5C1EBC10336
:10A3A00000EB83039A6CD0F80404FFF700FB08BDB0
:10A3B00008B5D0F80404FFF784FB08BD10B50446C7
:10A3C000C3684BB10121D4F80404FFF768FBD4F84B
:10A3D0000404FFF745FB10BD0021F4E710B5044667
:10A3E000D0F80404FFF75EFB2268D2F8003E43F089
:10A3F0000103C2F8003E236A23B1034A136943F004
:10A400000603136110BD00BF00ED00E008B5D0F8F1
:10A410000404FFF750FB08BD08B5D0F80404FFF7AB
:10A4200060FB08BD08B5D0F80404FFF758FB08BD71
:10A4300008B5D0F80404FFF756FB08BD08B5D0F8FE
:10A440000404FFF752FB08BD02780AB100207047F0
:10A4500010B503461848C0F80434C3F820024FF082
:10A46000A0430360062343600222C260002303610D
:10A4700043618261C36103624362C3620363FDF7A8
:10A4800063FAA8B90C4C80212046FDF78FFF4022CB
:10A4900000212046FDF765FF402201212046FDF7FF
:10A4A00060FF402203212046FDF75BFF002010BD26
:10A4B000FAF782FFE6E700BFF825002008B5D0F8DC
:10A4C0002002FDF7D8FA022805D8DFE800F00504DD
:10A4D0000200012000E0022008BD08B594461A469B
:10A4E0006346D0F82002FDF7D8FD022805D8DFE842
:10A4F00000F005040200012000E0022008BD08B5BC
:10A50000D0F82002FDF70EFE022805D8DFE800F0A3
:10A5100005040200012000E0022008BD08B5D0F8C3
:10A520002002FDF79FFE022805D8DFE800F00504B1
:10A530000200012000E0022008BD08B5D0F820028A
:10A54000FDF7D4FE022805D8DFE800F0050402007C
:10A55000012000E0022008BDD0F8203211F0800F69
:10A5600008D101F07F01C1EBC10103EB810393F836
:10A57000FE01704701F07F01C1EBC10103EB8103D4
:10A5800093F83E00704708B5D0F82002FDF771FD42
:10A59000022805D8DFE800F005040200012000E0F1
:10A5A000022008BD08B5D0F82002FDF72CFE0228D5
:10A5B00005D8DFE800F005040200012000E00220D9
:10A5C00008BD08B5D0F82002FDF7E5FD022805D842
:10A5D000DFE800F005040200012000E0022008BDD1
:10A5E00008B5D0F82002FDF705FE08BD024B014674
:10A5F000186800F00BB800BF78070020024B014636
:10A60000186801F097BB00BF7807002001F10B0329
:10A61000162B2DE9F74F054606D933F0070704D569
:10A620000C232B600024A1E11027B942F8D828465A
:10A6300000F026FAB7F5FC7FAE4E37D207F10802DC
:10A640003244A2F1080154688C424FEAD70302D188
:10A65000D468A24210D06368D4E9021223F0030345
:10A66000CA60234491605A6842F001025A60284649
:10A6700000F00CFA083479E1023334699E498C42C7
:10A6800077D0626822F0030CACEB07000F2848DD9E
:10A69000E21940F0010347F001076760C6E90422B0
:10A6A000C2E90211536044F80C00E0E77B0A2AD0AB
:10A6B000042B12D8BB0938335A1C06EBC202A2F194
:10A6C000080C5468644506D0626822F00302D01B6F
:10A6D0000F281CDD013B0133CFE7142B01D85B337E
:10A6E000EAE7542B02D83B0B6E33E5E7B3F5AA7FBC
:10A6F00002D8FB0B7733DFE740F25452934204D881
:10A70000BB0C7C33D8E73F23D6E77E23D4E7002871
:10A71000E16804DBA368D9608B60A318A3E70C464B
:10A72000D0E70028C6E9041107DBA444DCF80430B4
:10A7300043F00103CCF8043099E7BCF5007F706862
:10A7400080F093804FEADC024FEA5C1E4FF0010C70
:10A7500001320CFA0EFC4CEA0000706056F832C070
:10A7600006EBC2000838C4E902C046F83240CCF813
:10A770000C409810012282407068904226D310420B
:10A7800006D123F003035200104203F10403FAD070
:10A7900006EBC308C1469E46D9F80C404C4540F034
:10A7A000B7800EF1010E1EF0030F09F10809F3D175
:10A7B000980740F0E180736823EA020373607068D1
:10A7C0005200904202D3002A40F0E380D6F808A05D
:10A7D000DAF8043023F00309B94504D3A9EB0702E2
:10A7E0000F2A00F34181454B196810313944082084
:10A7F000019101F015FA424A0199136801331FBF14
:10A8000001F1FF3109184342194080462846019161
:10A8100001F0B6F9421C0AEB090B044600F0F78080
:10A8200083450199364A02D9B24540F0F080354B54
:10A830001868A3450844186008F1FF3C40F0AB805D
:10A840001BEA0C0F40F0A780B268494441F00101B7
:10A8500051602D4A1B6811688B4288BF13602B4AD8
:10A8600011688B4288BF1360D1E0BCF5206F4FEABE
:10A870005C2218D24FEA9C12383202F1010E06EB2C
:10A88000C20856F83EE0F0452BD192104FF0010C73
:10A890000CFA02F202437260C4E902E8C8F8084008
:10A8A000CEF80C4065E7142A01D85B32E5E7542A5C
:10A8B00003D84FEA1C326E32DFE7B2F5AA7F03D825
:10A8C0004FEADC327732D8E740F2545E72459ABFE5
:10A8D0004FEA9C427C327E22CFE7DEF808E0F0456A
:10A8E00005D0DEF8042022F003026245F5D8DEF838
:10A8F0000C80D1E7F801002000020020302A00205F
:10A90000F0010020002A00202C2A0020282A002004
:10A910006068D4F80CC020F00300A0EB070ABAF17D
:10A920000F0F12DDA368E21947F001076760C3F853
:10A930000CC0CCF808304AF00103C6E90422C2E991
:10A940000211536044F800A091E6BAF1000F11DB48
:10A950002044436843F00103436054F8083F28460D
:10A96000C3F80CC0CCF8083000F090F8204603B0D3
:10A97000BDE8F08F644611E758F80809404503F137
:10A98000FF333FF415AF1AE7043352001042FBD0F7
:10A99000FEE67346FAE7D2F800E0BEF1FF3F1BBFC8
:10A9A000A4EB0B0B0BEB000214601A6014F0070B06
:10A9B0001ABFCBF1080024185846621802EA0C01AD
:10A9C0008044A8EB010808EA0C0841462846019299
:10A9D00001F0D6F8431C019A284B07D1BBF1000FB8
:10A9E00023D0ABF1080010444FF000081A68B4609F
:10A9F000001B4044424440F00100B2451A606060D0
:10AA00003FF427AFB9F10F0F12D801236360B36889
:10AA10005B6823F00303BB42A3EB070201D30F2AB9
:10AA200022DC284600F032F8FCE51046D846DDE787
:10AA3000DAF80420A9F10C0929F0070902F0010253
:10AA400042EA0902CAF8042005210AEB0902B9F119
:10AA50000F0FC2E901117FF6FCAE0AF1080128468A
:10AA600001F068F9054BF4E6B46847F001032744A8
:10AA700042F001026360B7607A60F8E5002A0020C6
:10AA8000014801F0CBB800BF742B0020014801F051
:10AA9000C6B800BF742B00202DE9F0410F46904648
:10AAA00002F078F804460D46B8F1000F11D0C7F354
:10AAB0000A53C3F16B03002B0BDD1B0503F17F551C
:10AAC000002405F5401522462B46F6F731FA0446D8
:10AAD0000D4620462946BDE8F08100000000000038
:10AAE0002DE9F04F9FB00C46179200221A92059064
:10AAF0004FF0000A4FF0000B0A46199211782B29EB
:10AB000048D036D80D2930D8082930D8002939D076
:10AB100000220B92199D2A78302A40F0B1806A7881
:10AB200002F0DF02582A6CD102930B9B01931AABFF
:10AB300000938D4A05981BAB19A901F023FA10F078
:10AB40000F06044605D0062E26D10135002319959F
:10AB50000B93179B002B40F07E850B9BBBB150469F
:10AB60000BF100411FB0BDE8F08F2029D0D1013298
:10AB7000C3E72D29CCD101210B91511C1991527899
:10AB8000002AC7D1179B1994002B40F062855046CC
:10AB90005946E7E70021EFE71A9A3AB135211CA898
:10ABA00002F0EAF81A99059801F0F4FC013E1B9AAC
:10ABB000042E06D8DFE806F014031D201400DDE99A
:10ABC0001CABE10548BF4BF0004B2BF000431B0DC5
:10ABD0001B05002BBDD100F0F5FF22230360B8E771
:10ABE000DDE91CA302F2334223F4801343EA025B43
:10ABF000E7E7DFF878B1E4E76FF0004B4FF0FF3A9A
:10AC0000DFE7199B5A1C19925B78302BF9D0002B87
:10AC10009FD001230993199B0C93002308930A9357
:10AC20001F460A2219980578A5F13003D9B20929DF
:10AC300028D94F49012200F044FF002832D00020DB
:10AC40002A4681463D460346652A01D0452A14D14D
:10AC50001DB9099A024395D00025199C621C1992CE
:10AC600062782B2A77D02D2A7BD04FF0000CA2F1EE
:10AC70003001092940F2828019944FF00008A2E0C7
:10AC80000023C7E7082FD5BF0A99089902FB0133B3
:10AC900002FB013300F10100D4BF0A93089301378E
:10ACA0001990BFE7199B5A1C19925A787FB38146B5
:10ACB0003D46A2F13003092B12D90123C4E7199BA9
:10ACC0005A1C19925A780130302AF8D0A2F1310377
:10ACD000082B00F2C584199B0C9381460020054681
:10ACE000303A00F101032AD0994400EB050C2B46C1
:10ACF0000A2163450DD1691C01442844082816DC4B
:10AD00000A980A2303FB00230A93002318E038461D
:10AD1000DAE7082B03F1010303DC0A9E4E430A968F
:10AD2000E7E7102BDEBF089E4E430896E1E70F28A9
:10AD3000EBDC08980A2303FB00230893E5E7294688
:10AD4000199A501C1990527818460D46B1E74FF0E9
:10AD5000000901237DE74FF0000CA21C1992A27894
:10AD600085E74FF0010CF8E7402101080000F07F73
:10AD700029210108199A511C19915278302AF9D0C9
:10AD8000A2F1310108293FF678AF303A0E92199AB4
:10AD90000F924FF00A08199A561C19965278A2F190
:10ADA000300EBEF1090F39D90F99761A082E44F6E4
:10ADB0001F6803DC0E998845A8BF8846BCF1000FC8
:10ADC00001D0C8F10008002D4ED1099908437FF445
:10ADD000C0AE002B7FF4D6AE692A28D025DC492AE4
:10ADE00025D04E2A7FF4CEAE9A4919A801F0ECFA8C
:10ADF00000283FF4C7AE199B1B78282B2ED196490B
:10AE00001CAA19A801F0F4FA052827D11D9BDDF82A
:10AE100070A043F0FF4B4BF4E00B9AE60E9908FB51
:10AE20000121A1F130020E92B5E76E2ADAE78B49D3
:10AE300019A801F0C9FA00283FF4A4AE199B88496B
:10AE4000013B19A8199301F0BFFA10B9199B0133FE
:10AE50001993DFF810B24FF0000A7AE6824800F04A
:10AE6000F9FE82468B4674E6A8EB09030A9809931B
:10AE7000002F08BF2F46102D2C46A8BF1024F5F731
:10AE8000E9FA092D82468B4611DC099B002B3FF421
:10AE900060AE099B76DD162B5DDC744901EBC301C6
:10AEA000D1E9000152465B46F6F742F8D9E76F4B0D
:10AEB00003EBC40353E91223F6F73AF882460898E5
:10AEC0008B46F5F7C7FA02460B4650465946F5F74A
:10AED00085F90F2D82468B46D7DD099B2C1B1C4420
:10AEE000002C40F3968014F00F030AD05F4901EB69
:10AEF000C30152465B46D1E90001F6F719F88246D4
:10AF00008B4634F00F0473D0B4F59A7F48DD0024EB
:10AF1000A0460A94A146059ADFF848B1222313609F
:10AF20004FF0000A0A9B002B3FF413AE1A990598C4
:10AF300001F030FB0598494601F02CFB059841468D
:10AF400001F028FB0A99059801F024FB0598214699
:10AF500001F020FBFDE5099AC5F125039342BCDB16
:10AF6000424CC5F10F0504EBC50152465B46D1E9E1
:10AF70000001F5F7DDFF099B5D1B04EBC504D4E977
:10AF8000002391E71633A8DB384BA9EB080803EB45
:10AF9000C808D8E9002350465946F6F7F3F860E7A9
:10AFA000334B089300232411504659461E46012C6A
:10AFB00021DC0BB182468B462D49ABF1547B01EB72
:10AFC000C60152465B46D1E90001F5F7B1FF254BBA
:10AFD0000A460B4027498B42824698D8A1F580113A
:10AFE0008B4286BFDFF890B04FF0FF3A02F1547BFE
:10AFF000002308937AE0E20705D5089BD3E90023F4
:10B00000F5F796FF0123089A08320136641008927A
:10B01000CDE7EDD0644214F00F020AD0134B03EBDE
:10B02000C20350465946D3E90023F6F7ABF88246EF
:10B030008B462411DCD01F2C20DD0024A0460A946E
:10B04000A146059A22234FF0000A4FF0000B13602F
:10B0500068E700BF5D2401082C2101085524010880
:10B06000E32401080000F07FDF24010888230108A1
:10B07000602301080000A07CFFFFEF7F14F01003A5
:10B0800018BF6A23774E0893504659460023E207BB
:10B0900004D5D6E90023F5F74BFF0123641006F130
:10B0A0000806F4D10BB182468B46089BB3B1CBF3B3
:10B0B0000A52C2F16B03002B59460FDD1F2B57DDDF
:10B0C000342BDEBF4FF0FF33C2F14B0293404FF001
:10B0D000000ACCBF4FF05C7B03EA010B0022002387
:10B0E00050465946F6F78CF90028A6D10A9B0093E2
:10B0F0000C9905982B463A4601F09CFA0A900028D4
:10B100003FF405AF099A002AA9EB0803A8BF002362
:10B110001293002422EAE2731693A0460A9B059834
:10B12000596801F012FA814600283FF4F4AE0A9BF8
:10B130001A69023203F10C0192000C3000F07CFD20
:10B140001CAB01931BAB0093059852465B46CDE9BF
:10B150000CAB01F089FD1A9000283FF4DCAE059895
:10B16000012101F0FDFA804648B94FF00008D2E60F
:10B170004FF0FF3202FA03F303EA0A0AAEE71B9D1F
:10B180001C9A002DABBF129B169B169E129FACBF44
:10B19000EF185E1B089BED1A1544334B013D9D4291
:10B1A000C2F1360250DA5B1B1F2BA2EB03024FF0F9
:10B1B00001013DDC01FA03F3139300231093BD1842
:10B1C000089BAF4216441E443B46A8BF2B46B342E1
:10B1D000A8BF3346002BC2BFED1AF61AFF1A129B06
:10B1E000002B16DD414605981A4601F079FB804692
:10B1F0000028BAD001461A9A059801F0C7FA0E90B5
:10B2000000283FF488AE1A99059801F0C3F90E9B07
:10B210001A93002D1DDC099B002B27DD4946169A49
:10B22000059801F05DFB814600BB4FF0000972E616
:10B23000C5F17F4505F57F0505F57B45E23501FA4A
:10B2400005F310931391BAE700231093012313938E
:10B25000B5E71A9905982A4601F082FB1A90002852
:10B26000D9D158E65821010802FCFFFF002E07DD66
:10B2700049460598324601F073FB81460028D4D038
:10B28000002F08DD414605983A4601F069FB8046EB
:10B2900000283FF440AE1A9905984A4601F0E8FBB1
:10B2A000044600283FF437AEC3680F930023C36001
:10B2B000414601F0C1FB00283DDA0F9B53EA0A0327
:10B2C00063D1CBF31303002B5FD12BF000431B0D95
:10B2D0001B05B3F1D66F58D9636913B92369012BE4
:10B2E00053DD21460122059801F03AFB4146044610
:10B2F00001F0A2FB002848DD2BF00043089A1B0D4B
:10B300001B05002A62D0B3F1D66F5FD8B3F15C7F22
:10B310007FF697AEA44B504659460022F5F708FE3B
:10B32000A24B0B4082468B46002B7FF4FFAD059A63
:10B3300022231360FAE5CDF838B065D10F9ACBF32C
:10B3400013035AB39A4A93422BD1089B514603B335
:10B35000964B5A461340B3F1D46F4FF0FF321BD8CF
:10B360001B0DC3F16B0302FA03F3994219D1914B00
:10B370000E9A9A4202D101313FF4CDAD8B4B0E9A19
:10B380001A4002F5801B4FF0000A089B002BC1D128
:10B39000CCE54FF0FF33E8E71346E6E753EA0A034C
:10B3A000AAD0109BDBB10E9A1342EED00F9B089AE5
:10B3B00050465946BBB1FFF76FFB02460B46DDE92D
:10B3C0000C01F4F70BFF82468B46DEE7A3F58013F2
:10B3D0006FEA135B6FEA0B5B4FF0FF3AD5E7139B05
:10B3E00013EA0A0FE1E7FFF757FB02460B46DDE9D8
:10B3F0000C01F4F7F1FE0022002382468B46F5F79C
:10B40000FFFF0028C1D01CE64146204601F084FC25
:10B4100000224FF0804306460F46F6F705F8002855
:10B420006DD00F9B002B78D1BAF1000F56D10E9B37
:10B43000C3F31303002B58D15F4B0022304639462B
:10B44000F5F7E8FF002857D1304639465B4B00221C
:10B45000F5F76EFD06460F4607F100430696079383
:10B46000DDE90623514DCDE910230E9B1D40544BC1
:10B470009D4240F0AB800E9BA3F1547B5046594651
:10B4800001F088FBDDE90623F5F752FD52465B46E5
:10B49000F4F7A4FE0B4645494A4A194091428246B8
:10B4A00042D90D9A434B9A4203D10C9B01333FF48E
:10B4B00032ADDFF800B14FF0FF3A1A99059801F06C
:10B4C00069F80598494601F065F80598414601F08C
:10B4D00061F80598214601F05DF81FE6BAF1010F09
:10B4E00003D10E9B002B3FF4ACAD374B324F002203
:10B4F000CDE906230026B3E7304F0026ACE72F4BFB
:10B50000304639460022F5F713FD0F9B06460F46DD
:10B51000002BA1D0CDE90667A2E7274B0022CDE999
:10B52000062316461F469BE703F1547B089BCDF884
:10B5300038B0002BC1D12BF000431B0D1B059D42E1
:10B54000BBD130463946F6F751F8F4F7CFFF024643
:10B550000B4630463946F4F73FFE0B460246CDE92E
:10B560000C23CBF313060F9B46EA0A061E436AD050
:10B5700009A3D3E90023F5F74DFF00287FF4D6ACEB
:10B5800007A3D3E90023DDE90C01F5F761FF0028EB
:10B5900093D0CBE4AFF300809535A094FFFFDF3F5D
:10B5A00035E5AF350000E03F000050390000F07F86
:10B5B000FFFF0F00FFFFEF7F0000F03F0000E03FC4
:10B5C0000000E07FFFFF9F7C0000F0BF089B23B3DB
:10B5D000B5F1D46F21D828A3D3E9002330463946EA
:10B5E000F5F722FFA0B139463046F5F779FF01287B
:10B5F00038BF0120F4F72EFF0F9B06460F46FBB91C
:10B6000001F1004314901593DDE91423CDE91023D3
:10B61000119B03F1D6635B1B1193DDE90C01DDE99E
:10B6200010AB01F0B7FA02460B4650465946F5F703
:10B630007FFCDDE90C23F4F7D1FD82468B4675E7EC
:10B64000CDE91467E0E70EA3D3E90023F5F7E2FEA6
:10B650009DE700230B93179A199B1360FFF77DBAA0
:10B66000652A3FF474AB452A3FF471AB0123FFF721
:10B67000ACBB00BFAFF300800000C0FFFFFFDF41A5
:10B680009535A094FFFFCF3F2DE9F843244D254B7E
:10B690000A4601462868FFF723FA02460B4606468B
:10B6A0000F46F5F7DFFE68B1002F1F4806DA00F0FD
:10B6B000D7FA00F100442046BDE8F883BDE8F8431E
:10B6C00000F0CEBA39463046F5F72AFF20F00048A0
:10B6D000044616494046F5F773FFB0B91349404692
:10B6E000F5F7E8F988B927F00049114B4FF0FF3220
:10B6F00030464946F5F7B6FE70B90D4B4FF0FF32B4
:10B7000030464946F5F790FE30B914F0FF4FD2D1DC
:10B71000084B3B40002BCED02B6822221A60CAE790
:10B72000780700200C060020DF240108FFFF7F7F40
:10B73000FFFFEF7F0000F07F242B2DE9F0478646C6
:10B74000904601D8012B06D100F03CFA1623036085
:10B750000020BDE8F08734480D462A4615F8014B15
:10B76000065D16F00806F8D12D2C2DD12C78012677
:10B77000951C33F0100209D1302C2AD12A7802F01E
:10B78000DF02582A25D16C781023023506F1004CCF
:10B790000CF1FF3C0022BCFBF3F9104603FB19CA75
:10B7A000A4F13007092F1BD83C46A34227DD571CC4
:10B7B00007D0814520D301D1A2451DDB00FB03400A
:10B7C000012215F8014BEBE72B2C04BF2C78951CBC
:10B7D000CFE7002BDAD1302C0CBF08230A23D5E7A2
:10B7E000A4F14107192F01D8373CDEE7A4F1610726
:10B7F000192F04D8573CD8E74FF0FF32E1E7531C2C
:10B8000008D12223CEF800306046B8F1000FA0D056
:10B81000691E06E006B14042B8F1000F99D0002A37
:10B82000F6D1C8F8001094E78121010813460A46B2
:10B83000014602480068FFF77FBF00BF780700207D
:10B84000002310B50446C0E90033C0E90433836027
:10B8500081814366C2818361194608225C3000F011
:10B8600028F90D4B23620D4B63620D4BA3620D4B08
:10B87000E3620D4BE4619C4206D003F168029442FE
:10B8800002D0D0339C4205D104F15800BDE81040ED
:10B8900000F0C2B910BD00BF2DBA00084FBA0008B1
:10B8A00087BA0008ABBA0008342A0020024A0349CC
:10B8B000034800F069B800BF00060020A5E10008B9
:10B8C0008007002041680C4B994210B5044601D016
:10B8D00002F068FCA168094B994202D0204602F0B0
:10B8E00061FCE168064B994204D02046BDE8104057
:10B8F00002F058BC10BD00BF342A00209C2A002052
:10B90000042B002010B50B4B0B4C0C4A1A60204640
:10B9100000220421FFF794FF04F1680001220921AD
:10B92000FFF78EFF04F1D0000222BDE81040122183
:10B93000FFF786BF6C2B0020342A0020ADB800082A
:10B94000014800F06BB900BF762B0020014800F0E1
:10B9500066B900BF762B002010B50446FFF7F0FF54
:10B96000636B1BB1BDE81040FFF7F0BF044B63638E
:10B97000044B1B68002BF5D1FFF7C4FFF2E700BFB3
:10B98000C5B800086C2B00202DE9F843074688460F
:10B9900014460026D4E90195B9F1010905D52468BA
:10B9A000002CF7D13046BDE8F883AB89012B07D9CD
:10B9B000B5F90E30013303D029463846C047064357
:10B9C0006835E9E70CB430B5174B0C1E1D689DB007
:10B9D00008DA8B232B604FF0FF301DB0BDE83040FC
:10B9E00002B070474FF40273ADF8143014BF04F185
:10B9F000FF332346049307934FF6FF73029006909C
:10BA0000ADF81630209A21AB02A92846019301F027
:10BA100005FA431CBCBF8B232B60002CDDD0029B9E
:10BA200000221A70D9E700BF7807002010B50C4635
:10BA3000B1F90E1000F092F80028ABBF236DA38976
:10BA40001B1823F48053ACBF2365A38110BD2DE9DF
:10BA5000F0411F468B89DB0505460C46164605D589
:10BA6000B1F90E100223002200F066F8A389B4F9A0
:10BA70000E1023F48053A38132463B462846BDE88E
:10BA8000F04100F08DB810B50C46B1F90E1000F081
:10BA900053F8431CA38915BF206523F4805343F456
:10BAA0008053A38118BFA38110BDB1F90E1000F01F
:10BAB00033B802440346934200D1704703F8011B98
:10BAC000F9E710B56AB10139841810F8012B11F8A3
:10BAD000013F9A4203D1A04201D0002AF5D1D01AE9
:10BAE00010BD1046FCE710B50139034632B111F81C
:10BAF000014F03F8014B013A002CF7D11A44002101
:10BB0000934200D110BD03F8011BF9E7014B93F8F4
:10BB1000280170470C06002038B5064D0023044666
:10BB200008462B60FAF79EFD431C02D12B6803B137
:10BB3000236038BD702B002038B5074D04460846F9
:10BB4000114600222A601A46FAF796FD431C02D1DC
:10BB50002B6803B1236038BD702B002038B5074D2A
:10BB600004460846114600222A601A46FAF75CFD90
:10BB7000431C02D12B6803B1236038BD702B002019
:10BB800038B5064D0023044608462B60FAF776FDCB
:10BB9000431C02D12B6803B1236038BD702B0020F9
:10BBA00038B5074D04460846114600222A601A4659
:10BBB000FAF74AFD431C02D12B6803B1236038BD5C
:10BBC000702B0020014B1868704700BF78070020D9
:10BBD00070B50D4D0D4C641BA4100026A64209D172
:10BBE0000B4D0C4C05F018FD641BA4100026A6425A
:10BBF00005D170BD55F8043B98470136EEE755F87E
:10BC0000043B98470136F2E76029010860290108E2
:10BC1000602901086829010870477047704770471C
:10BC2000082808B506D0FFF7CDFF162303604FF0B4
:10BC3000FF3008BD8020FCE70A44914200F1FF3349
:10BC400000D1704710B511F8014B03F8014F914234
:10BC5000F9D110BD01490020704700BF0000F87FF6
:10BC6000004870470000C07F024B13B1024800F04B
:10BC700005B8704700000000ADE30008002301464E
:10BC80001A46184602F0DABB2DE9F84306460820AA
:10BC90008946FFF7C5FF244F80463046FEF7F0FE89
:10BCA000BB685D6825F00305A5F11104A4EB090448
:10BCB0004444B4FBF8F4013C08FB04F4A04505DD62
:10BCC0003046FEF7E3FE0020BDE8F8830021304651
:10BCD000FFF756FFBB682B449842F1D161423046D2
:10BCE000FFF74EFF013010D100213046FFF748FF2B
:10BCF000BA68831A0F2BE3DD0C490968401A0C4916
:10BD000043F0010308605360DAE7BB68084A2D1B63
:10BD100045F001055D60136830461B1B1360FEF79C
:10BD2000B5FE0120D0E700BFF8010020F00100209F
:10BD3000002A0020F8B504460F46002900F0B18023
:10BD4000FEF79EFE57F8042C564D22F00100A7F195
:10BD5000080303EB000CA968DCF80460614526F0D9
:10BD6000030602F001021BD106443AB957F8082C29
:10BD70009B1A1644D3E90212CA60916046F0010290
:10BD80005A60AB60484B1B68B34204D8474B20460F
:10BD90001968FFF779FF2046BDE8F840FEF776BE48
:10BDA000CCF80460002A38D157F8081C5B1A084404
:10BDB000996805F10807B94231D0DF68CF60B960F2
:10BDC0000CEB06014968C9070BD4DCF808103044B5
:10BDD0003ABB374EB14224D1C5E90433C3E902115D
:10BDE000012240F0010159601850002AD3D1B0F56A
:10BDF000007F1BD2C20801214009814068680132DE
:10BE00000143696055F8320005EBC2010839C3E906
:10BE1000020145F83230C360BDE70022D0E70122BD
:10BE2000CEE7DCF80C60CE60B160DAE7B0F5206FE9
:10BE30004FEA502214D282093832511C05EBC20657
:10BE400055F831108E4225D10120921000FA02F2ED
:10BE5000686802436A60C3E90216B360CB609AE780
:10BE6000142A01D85B32E8E7542A02D8020B6E325A
:10BE7000E3E7B2F5AA7F02D8C20B7732DDE740F2E2
:10BE800054518A429ABF820C7C327E22D5E789685F
:10BE90008E4204D04A6822F003028242F7D8CE686C
:10BEA000D9E7F8BDF8010020F4010020302A002075
:10BEB000000200200369B3EB611F2DE9F0434FEA54
:10BEC000611200F1140445DD11F01F0104EB83063B
:10BED00004EB82050CD100F110072946B14234D39E
:10BEE0009B1A9B00EA1E964238BF0023234415E0AC
:10BEF00054F82270C1F12008CF4005F1040EA1468C
:10BF00007645F44615D89A1A9200043A0135AE42A5
:10BF100038BF0022A318A75007B104331A1BA3424D
:10BF20004FEAA20208BF0023026108BF4361BDE8D7
:10BF3000F083DCF800C00CFA08FC4CEA070749F86B
:10BF4000047B5EF8047BCF40DAE751F804CB47F876
:10BF500004CFC3E72346E1E7A0F13003092B02D861
:10BF60002038C0B27047A0F16103052B01D84738D3
:10BF7000F7E7A0F14103052B01D82738F1E70020AE
:10BF8000704700002DE9F04F85B08A4602930B6898
:10BF9000019090469C1CA14614F8010B3028FAD061
:10BFA000A9EB0303A3F1020BFFF7D6FF0546002818
:10BFB00068D1A04901224846FFF783FD07460028C3
:10BFC00067D199F801002646FFF7C6FF002862D026
:10BFD000234618783028994603F10103F9D0FFF77A
:10BFE000BBFFB0FA80F56D094FF0010B4A461646CB
:10BFF00001323078FFF7B0FF0028F8D18D490122D7
:10C000003046FFF75EFD00283FD144B9741C22463C
:10C01000164601323078FFF79FFF0028F8D1A41BA5
:10C02000A700337803F0DF03502B3ED173782B2B1E
:10C0300033D02D2B34D0711C00240878FFF78CFFEF
:10C04000431EDBB2182B30D8A0F1100211F8010FFB
:10C05000FFF782FF00F1FF3C5FFA8CFCBCF1180F88
:10C060004FF00A031ED904B152421744CAF8001017
:10C07000EDB1BBF1000F0CBF06250025284605B029
:10C08000BDE8F08F00252C46B0E7002CC7D127462D
:10C09000C7E74E462F460125C3E70024B11CCCE775
:10C0A0000124FBE703FB0200CEE73146DEE7A6EB07
:10C0B0000903013B2946072B0ADC019800F045FAE9
:10C0C000044640B95C4B0246E4215C4802F0F6F9B4
:10C0D00001315B10EFE700F1140A002355469B463F
:10C0E000B14537D345F804BBA5EB0A05AD10256172
:10C0F000584600F0E9FA6D01D8F800602D1AB542F3
:10C1000054DDAD1B2946204600F059FE814678B12A
:10C110006B1E591103F01F025AF821104FF001094C
:10C1200009FA02F20A4203D04B4536DC4FF002090D
:10C1300029462046FFF7BEFE2F44D8F80830BB4200
:10C1400042DA0198214600F025FA0E9A0023136086
:10C15000A32593E716F8012D2E2A12D0202B04D107
:10C1600045F804BB4FF0000B5B4630780393FFF7B4
:10C17000F3FE039B00F00F0098404BEA000B0433E2
:10C18000AEE7B145EAD82B49039301223046FFF7C9
:10C1900098FC039B0028E1D1A2E7A91E204600F0ED
:10C1A0000EFE0028C2D04FF00309C1E709DA751B63
:10C1B000214601982A4600F0D3FB7F1B044600F17C
:10C1C000140A4FF00009B8E7D8F80450BD426FDDFB
:10C1D000ED1BAE4234DCD8F80C30022B22D0032BFE
:10C1E00024D0012B15D1AE4213D1012E0BD1029ACE
:10C1F000D8F80430136001232361CAF800300E9B85
:10C2000062251C603AE7711E204600F0D8FD002828
:10C21000EDD10198214600F0BDF90E9A002313607C
:10C2200050252BE70F9B002BF3D1E0E70F9B002B52
:10C23000DDD1EEE729210108892201089A220108AF
:10C240006F1EB9F1000F30D127B13946204600F0FA
:10C25000B6FD81467A1101235AF8222007F01F0704
:10C26000BB4013422946204618BF49F00209FFF798
:10C2700021FED8F80470761B0225B9F1000F47D0D3
:10C28000D8F80C30022B15D0032B17D0012B09D175
:10C2900019F0020F06D0DAF8003049EA030919F064
:10C2A000010F0ED145F0100532E04FF00109D1E742
:10C2B0000125E2E70F9BC3F101030F930F9B002BB6
:10C2C000F0D0D4F810B004F114034FEA8B0A03EB5A
:10C2D0008B014FF0000C184653F8042BB2F1FF3FCE
:10C2E0001BD001320260022D04F114033CD1D8F8B6
:10C2F0000020013AB24209D17111012253F82130D4
:10C3000006F01F0602FA06F61E423AD145F0200555
:10C310000E9B1C60029B1F60B0E6994243F804CC60
:10C32000D9D8A3689B4517DB61680198013100F0FB
:10C330000CF9814618B91A4B02468421C5E62269D8
:10C34000023204F10C0192000C30FFF775FC21461B
:10C35000019800F01FF94C4623695A1C04EB830333
:10C36000226101225A61BEE722695A450BDD012193
:10C370002046FFF79FFDD8F808300137BB42FFF693
:10C38000E0AE0125C2E716F01F06FAD05344C6F10D
:10C39000200653F8040C00F097F9B042E7DBF0E711
:10C3A00089220108C2F10802920070B5C2F120068C
:10C3B0004368046803FA06F52C43D340046040F850
:10C3C000043F8842F4D370BD30B50368013311F8DF
:10C3D000014B14B90360012030BD13F8012BA2F109
:10C3E0004105192D98BF2032A242F0D00020F3E77A
:10C3F0002DE9F04F0B6801685E1102EB860613F021
:10C400001F0387B018BF04360025371F82469046A9
:10C41000019346F8045CB9463C460295AB464A781F
:10C420004B1C039342B3104605910492FFF794FD11
:10C43000002851D1049A0599202A18D8029B9B45BF
:10C4400013DD4C4506D2072D04DC2A46494620461A
:10C45000FFF7A8FF444552D90023A4F1040944F88A
:10C46000043CCDF808B04C461D460399D7E7292A6D
:10C4700057D10231CAF80010BBF1000F51D04C4522
:10C4800006D2072D04DC2A4649462046FFF78AFFDC
:10C49000444536D9A8F10402234653F8041B42F858
:10C4A000041F9F42F9D23B1B23F0030304330134E2
:10C4B000033EB44288BF04234344002243F8042BC4
:10C4C0009F42FBD23B681BB9474528D101233B6003
:10C4D000052007B0BDE8F08F0135082D0BF1010BE9
:10C4E00006DD4445C1D9002344F8043C0125043C41
:10C4F000226800F00F0040EA02102060B5E708252E
:10C50000B3E7019B002BDDD0C3F120034FF0FF32D6
:10C51000DA4056F8043C134046F8043CD2E7043FA6
:10C52000D0E70420D5E782B001B901A942B14BB1EF
:10C5300013780B601278101E18BF012002B07047EC
:10C540001046FBE76FF00100F8E7436C70B5054655
:10C550000C467BB16B6C53F82400A0B9012101FAA1
:10C5600004F6721D9200284601F0C6FF48B1C0E9EA
:10C5700001460BE02122042101F0BEFF686400287F
:10C58000E8D1002070BD026843F824200023C0E9F0
:10C590000333F7E731B1436C4A6853F8220008606F
:10C5A00043F82210704700002DE9F0410D6907465D
:10C5B0000C461E4601F1140C0020DCF8003099B244
:10C5C00002FB01611E0C0B0C02FB063389B2013029
:10C5D00001EB034185424CF8041B4FEA1346ECDCA7
:10C5E0000EB3A368AB4219DC616838460131FFF72E
:10C5F000ACFF804628B902460C4B0D48BA2101F029
:10C600005DFF2269023204F10C0192000C30FFF749
:10C6100013FB21463846FFF7BDFF444604EB850374
:10C6200001355E6125612046BDE8F081892201085F
:10C63000FA2201082DE9F8430C4615461F46092247
:10C640000833064693FBF2F3002101229A4209DBEC
:10C650003046FFF77AFF40B90246194B1948D321FB
:10C6600001F02CFF52000131F0E7089B4361092DD6
:10C670004FF00103036116DD04F10909C8462C449B
:10C6800018F8013B0146303B0A223046FFF78CFF89
:10C69000A045F5D1A5F108044C442D1B6319BB42FC
:10C6A00004DBBDE8F8830A340925F6E714F8013BFA
:10C6B0000146303B0A223046FFF776FFEEE700BF27
:10C6C00089220108FA220108B0F5803F034636BFEF
:10C6D000030400201020B3F1807F3CBF1B02083010
:10C6E000B3F1805F3CBF1B010430B3F1804F3CBF0E
:10C6F0009B000230002B05DB13F0804F00F101009E
:10C7000008BF202070470368024613F007000BD0D3
:10C71000D90721D4980749BF5B089B080120136003
:10C720005CBF13600220704799B209B91B0C10203E
:10C73000D9B209B908301B0A190704BF1B09043014
:10C74000990704BF9B080230D90703D45B0800F1A6
:10C75000010003D01360704700207047202070470D
:10C7600010B50C460121FFF7F0FE024628B9054B33
:10C77000054840F2451101F0A1FE01234461036127
:10C7800010BD00BF89220108FA2201082DE9F04FEF
:10C7900014460A6923699A42A8BF23460F46A4BFDC
:10C7A0000C461F46D4F810A0D7F81090A368616813
:10C7B0000AEB0906B34285B0B8BF0131FFF7C5FEE9
:10C7C00030B90246444B45484FF4B17101F076FE52
:10C7D00000F1140505EB86082B460022434521D3C2
:10C7E00007F1140104F1140202EB8A0201EB890340
:10C7F0000293131B153B23F00303043304F11507C5
:10C80000BA4238BF04230193029B03918B420CD898
:10C81000002E03DD58F8043D002B5AD0066105B008
:10C82000BDE8F08F43F8042BD8E7B1F800A0BAF1C7
:10C83000000F23D004F1140EA9464FF0000C5EF84F
:10C84000047BD9F800301FFA87FB9BB20AFB0B333D
:10C850006344D9F800C03F0C4FEA1C4C0AFB07C7E1
:10C8600007EB13479BB243EA0743724549F8043B81
:10C870004FEA174CE3D8019B45F803C0039BB3F87C
:10C8800002900431B9F1000F21D02B6804F1140C8F
:10C89000AE464FF0000ABCF800B0BEF8027009FBCB
:10C8A0000B7757449BB243EA07434EF8043B5CF8CE
:10C8B000043B4FEA134ABEF8003009FB0A3303EB8E
:10C8C000174362454FEA134AE5D8019FEB510435FF
:10C8D0009AE7013E9CE700BF89220108FA2201087D
:10C8E0002DE9F843154612F0030207460E4607D01D
:10C8F0001A4C013A002354F82220FFF755FE064651
:10C90000AD1027D03C6C44B940F271213846FFF796
:10C9100027FF00233864044603604FF00009EB074B
:10C920000AD5314622463846FFF730FF3146804669
:10C930003846FFF72FFE46466D100BD0206838B9F9
:10C94000224621463846FFF721FF2060C0F80090BC
:10C950000446E4E73046BDE8F88300BF54230108ED
:10C960002DE9F0470C464968236903EB6218A36878
:10C97000074691464FEA621A08F10106B3420BDB03
:10C980003846FFF7E2FD054648B90246284B2948DC
:10C990004FF4EF7101F092FD01315B00EEE70023EF
:10C9A00000F1140100F110021846534533DB2069F1
:10C9B0002AEAEA7A04F1140319F01F0901EB8A014B
:10C9C00003EB800C2BD0C9F1200E8A460022186898
:10C9D00000FA09F010434AF8040B53F8042B9C4565
:10C9E00022FA0EF2F3D8ACEB0403153B23F0030359
:10C9F000043304F11500844538BF0423CA500AB13A
:10CA000008F10206013E38462E612146FFF7C2FDBD
:10CA10002846BDE8F08742F8040F0133C5E7043922
:10CA200053F8042B41F8042F9C45F9D8EAE700BFDE
:10CA300089220108FA2201080A6903460069801A5E
:10CA400030B50ED11433143103EB820401EB8201B3
:10CA500054F8045D51F8042D954203D005D24FF0EF
:10CA6000FF3030BDA342F3D3FBE70120F9E700001C
:10CA70002DE9F74F89460646114648461446FFF70A
:10CA8000DBFF051E12D129463046FFF75EFD024648
:10CA900028B93E4B40F237213D4801F00FFD0123FC
:10CAA000C0E90435104603B0BDE8F08FBCBF4B466B
:10CAB000A1463046D9F80410BABF1C46012500250E
:10CAC000FFF743FD024618B9304B40F24521E3E73A
:10CAD000D9F810702669C56009F1100309F1140531
:10CAE00004F1140E00F1140B05EB87080EEB86061B
:10CAF0000193D9464FF0000C019B5EF8040B53F8EC
:10CB000004AF019381B21FFA8AF35B1A000C6344ED
:10CB1000C0EB1A4000EB23409BB243EA004376454A
:10CB200049F8043B4FEA204CE6D8331B153B23F071
:10CB3000030315340433A64238BF04231D445B4469
:10CB40001E462C4644450ED308F10301491B21F033
:10CB50000301033DA84538BF00210B4453F8041DD1
:10CB600091B117619EE754F8041BE646080C1CFAC5
:10CB700081FC714400EB2C4089B241EA004146F847
:10CB8000041B4FEA204CDDE7013FE7E7892201085B
:10CB9000FA2201080E4B0B40A3F15073002B08DC66
:10CBA0005B42B3F1A07F4FEA235204DA4FF4002333
:10CBB0001341002208E0A2F114031E2BDABF4FF04C
:10CBC0000042DA400122002319461046704700BF98
:10CBD0000000F07F0269F8B500F1140606EB82024E
:10CBE000204F52F8044C2046FFF76EFD03460A2BF7
:10CBF000C0F12000A2F10405086013DCAE4238BF8A
:10CC000052F8082CC3F10B0C28BF0022153324FA6C
:10CC10000CFE04FA03F322FA0CF24EEA07011A435F
:10CC20001046F8BDAE4236BFA2F10805002252F808
:10CC3000082C0B3B12D0C3F1200722FA07F19C40CD
:10CC40000C43B54244F07F518CBF55F8044C00248E
:10CC50009A40FC4041F440112243E1E744EA0701D5
:10CC6000DEE700BF0000F03F2DE973430121089E7D
:10CC700090469946FFF769FC044630B90246244BBA
:10CC8000244840F20F3101F019FCC9F30A55C9F3E9
:10CC900013030DB143F480130193B8F1000324D0C2
:10CCA00068460093FFF72FFDDDE90012D8B1C0F10F
:10CCB000200302FA03F30B43C24063610192019B1C
:10CCC000A361002B0CBF012202222261ADB1A5F2AB
:10CCD000334505443560C0F13500099B1860204696
:10CCE00002B0BDE870836161E9E701A8FFF70BFDC1
:10CCF000019B636120300122E7E704EB8203A0F28D
:10CD0000324030601869FFF7DFFCC0EB4210E4E707
:10CD100089220108FA2201082DE9F04F85B0CDE9FA
:10CD2000001002A9FFF756FF8B4606460F460098F3
:10CD300003A9FFF74FFF019B89460D461969009B28
:10CD40001B69C91ADDE902329B1A03EB4113002B60
:10CD5000CDBF3A46C3EB03332A4602EB035BD8BF91
:10CD600002EB0359044622464B4630465946F4F737
:10CD700009FA05B0BDE8F08F013970B549111469A1
:10CD8000013102F1140300EB810103EB8404051F60
:10CD9000A3420CD3A31A113B23F003031132A24286
:10CDA00088BF002318440023884205D370BD53F880
:10CDB000046B45F8046FEBE740F8043BF4E700F13F
:10CDC000140200694B11984210B511DB0ADD11F015
:10CDD0001F0107D052F8234024FA01F000FA01F1B4
:10CDE0008C420BD102EB8303934203D8002010BD89
:10CDF0000346F7E753F8041D0029F5D00120F6E7B4
:10CE00000346084641B1FF2A04D98A221A604FF02E
:10CE1000FF3070470A700120704700002DE9F04F85
:10CE2000D7B0884691461E46079001F0BBFA0368CA
:10CE30001A931846F4F724F8B8F80C301190190634
:10CE400015D5D8F8103093B907984021FDF7DEFBCF
:10CE5000C8F80000C8F8100030B9079A0C23136016
:10CE60004FF0FF331393F0E14023C8F81430002350
:10CE7000CDE92B33089300220023CDE90E230023B4
:10CE8000CDE91C332DAC2A940D9316931B93139369
:10CE90004B461D4613F8012B0AB1252AF9D1B5EBF3
:10CEA00009070DD02C9B3B442C932B9B0133072B64
:10CEB000C4E900972B9375DC0834139B3B44139310
:10CEC0002B78002B01F02C8100226B1C8DF88B201D
:10CED0004FF0FF351292934613F8012B0A921093EC
:10CEE0000A9B203B5A2B00F29D85DFE813F09E0041
:10CEF0009B059B05A6009B059B059B0586009B0546
:10CF00009B05A900B3009B05B000B5009B05CE00B2
:10CF1000D100D100D100D100D100D100D100D10089
:10CF2000D1009B059B059B059B059B059B059B05D0
:10CF300041019B05FF0011014101410141019B0598
:10CF40009B059B059B05E2009B059B0595049B05A6
:10CF50009B059B05DD049B05FD049B059B051F05AB
:10CF60009B059B059B059B059B059B059B059B05C1
:10CF700041019B05FF001301410141014101E50011
:10CF80001301F9009B05F2009B0572049704CC0481
:10CF9000F9009B05DD049C00FF049B059B056500D3
:10CFA0009B059C0007982AAA414602F023F9002815
:10CFB00040F046812DAC80E7A74B1D931BF020036A
:10CFC00000F0B784073626F007031A465F6852F868
:10CFD000086B0B921BF0010F0AD056EA070307D02B
:10CFE00030238DF88C300A9B8DF88D304BF0020B7E
:10CFF0002BF4806B022300F01FBC079801F0D2F9DC
:10D0000043681B931846F3F73BFF1690079801F00F
:10D01000C9F983680D93169B2BB10D9B1BB11B782F
:10D020000BB14BF4806B109B56E79DF88B30002BB7
:10D03000F9D120238DF88B30F5E74BF0010BF2E7A7
:10D0400056F8043B1293002BEDDA5B4212934BF03F
:10D05000040BE8E72B23EDE7109B13F8012B0A9252
:10D060002A2A0FD156F8045B109345EAE575DAE7F2
:10D0700001FB052513F8012B0A920A9A303A092A76
:10D08000F6D92CE700250A21F7E74BF0800BCAE719
:10D090000022109B12920A210A9A1298303A01FB40
:10D0A0000022129213F8012B0A92303A092AF3D97E
:10D0B00015E74BF0080BB6E7109B1B78682B01BFF8
:10D0C000109B013310934BF4007B18BF4BF0400BC7
:10D0D000A9E7109B1B786C2B05D1109B0133109393
:10D0E0004BF0200B9FE74BF0100B9CE7324652F8B9
:10D0F000043B8DF8F43000230B928DF88B309A4668
:10D10000012514931F460C931E460DF1F409CFE13F
:10D110004BF0100B1BF0200F12D0073626F0070340
:10D120001A465F6852F8086B0B92002F06DA7642B7
:10D130004FF02D0367EB47078DF88B3001237EE31B
:10D1400033461BF0100F53F8047B0B9302D03E467E
:10D15000FF17EAE71BF0400F03D03EB247F3C0379A
:10D16000E3E71BF4007FF2D07EB247F3C017DCE7A1
:10D17000073626F007031946F1E80223CDE90E230E
:10D180000E9B1E930F9B0B9123F000431F93DDE931
:10D190001E01324B4FF0FF32F4F764F908BBDDE9B2
:10D1A0001E012E4B4FF0FF32F4F73EF9C8B9DDE90E
:10D1B0000E0100220023F4F72DF910B12D238DF874
:10D1C0008B30274A274B0A992BF0800B4729D4BF75
:10D1D000914699464FF0000A0325CDF850A000F083
:10D1E000D7BFDDE90E2310461946F4F73BF9824616
:10D1F00040B10F9B1C4A002BBCBF2D238DF88B30F8
:10D200001A4BE0E70A9B612B23D0412B30D15823E6
:10D210003022632D8DF88C208DF88D304BF0020B71
:10D2200040F3A9800798691CFDF7F0F981460028B2
:10D2300040F0A680B8F80C3043F04003A8F80C305A
:10D24000B8F80C305B063FF50BAE139857B0BDE84D
:10D25000F08F7823DCE700BF60240108FFFFEF7F39
:10D260005024010854240108582401085C240108B2
:10D270006A1C00F087800A9B23F02003472B02D111
:10D280000DB9AA4601254BF4807315930F9B002B13
:10D290007ADA0E9B18930F9B03F1004319932D2309
:10D2A00020930A9B23F02003412B0C9340F0D9815B
:10D2B00024AADDE9180101F08DF800224FF07F5318
:10D2C000F3F736FE02460B46CDE908230022002381
:10D2D000F4F796F808B1012324932F4A2F4B0A99AB
:10D2E000612918BF1A4614926F1E4E46DDE90801E7
:10D2F0002B4B0022F3F71CFE02460B46CDE9082318
:10D30000F4F7C6F81790F3F7B5F802460B46DDE9D7
:10D310000801F2F761FF02460B46CDE90823149B92
:10D32000179A9B5C06F8013B7B1C06D07B1E219361
:10D3300000220023F4F764F860B3DDE90801194B1B
:10D340000022F4F785F878BBDDE90801154B0022CF
:10D35000F4F756F810B1179BDA0725D43346F119C4
:10D360003020CA1A002A80F279817B1C0137B8BFAD
:10D3700000231E442CE04FF0000A0DF1F40982E76F
:10D38000824680E706257EE7DDE90E23CDE91823F6
:10D39000002385E7219FA9E7602401087124010883
:10D3A000000030400000E03F149B2896D97B3020DD
:10D3B000289A531E289312F8013C8B4200F04B81AF
:10D3C000392B0BBF149B01339B7ADBB202F8013C73
:10D3D000A6EB090308930C9B249E472B40F08B81FE
:10D3E000F31C02DBAE4240F3A9810A9B023B0A9385
:10D3F0000A999DF8282021F02001412908BF0F3209
:10D4000006F1FF3306BFD2B201210021002B249385
:10D41000B8BFC6F101038DF89820B4BF2D222B228E
:10D42000092B8DF8992040F37C810DF1A7000A2685
:10D430000246B3FBF6F506FB1531303102F8011C4C
:10D440001946632900F1FF302B46F1DC3033911E81
:10D4500000F8013C0DF199050B460DF1A700834240
:10D46000C0F05A810DF1A9039B1A814288BF0023A5
:10D470000DF19A021A4426ABD31A089A1C93012A7A
:10D4800003EB020502DC1BF0010F01D0119B1D44D0
:10D490002BF48063002743F4807315930C973E466A
:10D4A000209B002B40F091810023DDF854B01493B1
:10D4B000149BAB42B8BF2B4615939DF88B3013B12C
:10D4C000159B013315931BF0020320931EBF159B80
:10D4D000023315931BF08403219322D1129B159ADA
:10D4E0009B1A002B17931CDD1798DDE92B231028BE
:10D4F0009F48206002F1010204F1080100F39E82BE
:10D50000179860600344072ACDE92B2340F3AB82D0
:10D5100007982AAA414601F06DFE002840F0DE85FA
:10D520002DAC9DF88B202C9B6AB10DF18B022260F3
:10D53000012213442C932B9B62601344072B2B93E3
:10D5400000F393820834209A2C9B62B123AA2260B4
:10D55000022213442C932B9B62600133072B2B93E5
:10D5600000F38D820834219B802B22D1129B159AC7
:10D570009B1A002B17931CDD1798DDE92B2310282D
:10D580007C48206002F1010204F1080100F381826D
:10D59000179860600344072ACDE92B2340F38E825D
:10D5A00007982AAA414601F025FE002840F09685FA
:10D5B0002DAC149B5B1B002B14931CDD1498DDE930
:10D5C0002B2310286B48206002F1010204F10801AE
:10D5D00000F37682149860600344072ACDE92B2378
:10D5E00040F3838207982AAA414601F003FE0028EF
:10D5F00040F074852DAC2C9B14931BF4807F40F07D
:10D600007B82C4E900951D442C952B9B0133072B8D
:10D610002B9300F3B78208341BF0040F40F04085D1
:10D62000DDE9122315998A42ACBF9B185B1813934E
:10D630002C9B3BB107982AAA414601F0DBFD00284C
:10D6400040F04C8500232B93BAF1000F40F0628527
:10D650000B9E2DACC7E002F8010CA9E603F8010B04
:10D660007FE60C9B462B04D0452B1CD16E1C02235D
:10D6700001E02E46032328AA049225AA039224AA95
:10D68000CDE9016200930798DDE9182300F0F4FF6B
:10D690000C9B472B814619D11BF0010F05D1289B0C
:10D6A000A3EB090396E62E46E1E78719DDE91801A9
:10D6B00000220023F3F7A4FE00B128973022289B14
:10D6C0009F42ECD9591C28911A70F8E70C9B462B05
:10D6D00000EB0607EAD10378302B09D1DDE9180108
:10D6E00000220023F3F78CFE10B9C6F10106249640
:10D6F000249B1F44DAE70C9B462B7FF479AE0BF09A
:10D700000103002E43EA050325DD7BB3119BF318CB
:10D710001D4466230A9332E013F8016B05F8016F8C
:10D720009DE641B930228DF89A200DF19B023033ED
:10D7300002F8013B9FE60DF19A02F8E7089B9E4232
:10D740000DDA089B119A002E03EB02050CDCC6F1E2
:10D7500001031D4408E07BB1119B0133D8E71BF0A6
:10D76000010F1FD0119BF5186723D3E73546D0E78B
:10D77000942401088424010866230A9301251BF4DC
:10D7800080630C931FD00027002E0C977FF788AE84
:10D790000D9B1B78FF2B07D10C9B169A3B4402FB79
:10D7A00003557DE63546DFE7B342F5DAF61A0D9B01
:10D7B0005B7833B10C9B01330C930D9B01330D93BC
:10D7C000E6E70137E4E70C9F6AE62D238DF88B30FE
:10D7D0006AE61BF0200F0AD0139A33681399D21708
:10D7E000C3E900120436DDF84090FFF751BB1BF08F
:10D7F000100F03D03368139A1A60F3E71BF0400F41
:10D8000003D03368139A1A80ECE71BF4007FF1D041
:10D810003368139A1A70E5E74BF0100B1BF02003E6
:10D820001ED0073626F007031A465F6852F8086BC9
:10D830000B922BF4806B002300228DF88B20681C48
:10D8400000F079842BF080020C9256EA070240F037
:10D850007884002D00F0DD80012B40F0758482E09B
:10D8600032461BF0100752F8046B0B9201D01F4692
:10D87000DFE71BF0400301D0B6B2DAE71BF4007714
:10D88000D7D0F6B2F3E73346782253F8046B0B9304
:10D8900047F63003ADF88C30954B1D9300274BF0C5
:10D8A000020B02230A92C7E733466F1C53F8049B0E
:10D8B0000B934FF000068DF88B600FD02A4631464F
:10D8C0004846F3F7E5FA824600283FF486ACA0EB21
:10D8D0000905B246149637460C96E9E54846F3F733
:10D8E000CFFAB246054678E44BF0100B1BF020034C
:10D8F00009D0073626F007031A465F6852F8086B0E
:10D900000B92012398E732461BF0100752F8046B84
:10D910000B9201D01F46F4E71BF0400301D0B6B2D2
:10D92000EFE71BF40077ECD0F6B2F3E7714BFFF7AB
:10D9300044BB32461BF0100752F8046B0B9202D026
:10D940001F46FFF747BB1BF0400302D0B6B2FFF7FC
:10D9500041BB1BF400773FF43DABF6B2F0E70A2E73
:10D9600077F1000307D23036F6B28DF857610DF229
:10D97000571900F005BC002308930C9B03F4806347
:10D980000DF5AC7A14930A22002330463946F3F79A
:10D99000F5F830320AF8012C089A01320892149AEC
:10D9A00083460B460AF1FF39E2B10D9A08991278C5
:10D9B000914217D1FF2915D00A2E77F1000211D319
:10D9C0000893169B1B99A9EB03091A464846FEF7D4
:10D9D0008AF80D9B5A78089B1AB10D9A01320D9264
:10D9E000002208920A2E77F10007C0F0C9835E4634
:10D9F0001F46CA46C7E706F00F031D9A3609D35CD7
:10DA000009F8013D46EA07763F0956EA0703F2D1D5
:10DA1000B6E323B91BF0010F01D03026A5E70DF5C1
:10DA2000AC79ADE30A9B002B00F07A838DF8F430DB
:10DA300000238DF88B300B96FFF761BB1020034459
:10DA4000072ACDE92B23606008DD07982AAA414602
:10DA500001F0D0FB002840F041832DA9179B103B1B
:10DA600017930C4640E50C465BE507982AAA414609
:10DA700001F0C0FB002840F031832DAC63E507982E
:10DA80002AAA414601F0B6FB002840F027832DACBE
:10DA900069E510200344072ACDE92B23606008DDE7
:10DAA00007982AAA414601F0A5FB002840F01683FA
:10DAB0002DA9179B103B17930C465DE50C4678E5A6
:10DAC00010200344072ACDE92B23606008DD079866
:10DAD0002AAA414601F08EFB002840F0FF822DA9C2
:10DAE000149B103B14930C4668E50C4683E500BF7D
:10DAF00060240108712401080A9B652B40F33482DD
:10DB0000DDE90E0100220023F3F77AFC002869D03A
:10DB10006E4B236001236360149B01332C932B9B7A
:10DB20000133072B2B9337DC0834249B089A93424C
:10DB300003DB1BF0010F3FF46FAD1A9B2360119BB9
:10DB4000119A63602C9B13442C932B9B0133072B5E
:10DB50002B932BDC0834089B5D1E002D7FF75CADFA
:10DB60005B4E1027DDE92B32102D03F1010304F188
:10DB70000801266024DC6560072B1544CDE92B35B0
:10DB800040F38B8207982AAA414601F033FB002814
:10DB900040F0A4822DAC3FE507982AAA414601F047
:10DBA00029FB002840F09A822DACBEE707982AAAEC
:10DBB000414601F01FFB002840F090822DACCAE7DF
:10DBC0001032072BCDE92B32676008DD07982AAAAF
:10DBD000414601F00FFB002840F080822DA9103D46
:10DBE0000C46BFE7249B002B74DC384B23600123D9
:10DBF0006360149B01332C932B9B0133072B2B93D6
:10DC00003DDC08340899249B2C9A0B430BF001014E
:10DC10000B433FF401AD1A9B2360119B63601A44D0
:10DC20002B9B2C920133072B2B9332DC0834249D41
:10DC3000002D1BDA264E6D4223461027DDE92B21ED
:10DC4000102D02F1010204F108041E602BDC5D605E
:10DC5000072A0D44CDE92B2508DD07982AAA41465D
:10DC600001F0C8FA002840F039822DAC089B089AD0
:10DC700063602C9BC4F8009013442C93C5E4079870
:10DC80002AAA414601F0B6FA002840F027822DACBE
:10DC9000B8E707982AAA414601F0ACFA002840F0FC
:10DCA0001D822DACC3E71031072ACDE92B215F601F
:10DCB00008DD07982AAA414601F09CFA002840F0A6
:10DCC0000D822DAC103D2346B8E700BF8224010829
:10DCD00084240108089B4B440A93089BB342A8BFC5
:10DCE0003346002B1D460BDDC4E90093149B2B44E7
:10DCF0002C932B9B0133072B2B9300F3828008344A
:10DD0000002DACBF751B3546002D19DDDDE92B322A
:10DD100094482060102D03F1010304F108017ADC1E
:10DD20006560072B1544CDE92B3540F387800798B4
:10DD30002AAA414601F05EFA002840F0CF812DACBE
:10DD40001BF4806F4E4408D00C9B002B78D1002F21
:10DD500078D10A9B9E4228BF1E46249B089A934274
:10DD600002DB1BF0010F0ED01A9B2360119B119A4E
:10DD700063602C9B13442C932B9B0133072B2B9319
:10DD800000F3DB800834089B249FDF1B0A9B9B1B4E
:10DD90009F42A8BF1F46002F2C9B0ADD3B442C93BB
:10DDA0002B9B0133072BC4E900672B9300F3CF8033
:10DDB0000834249D089B002FA3EB0505A8BFED1B8D
:10DDC000002D7FF729AC674E1027DDE92B32102D8F
:10DDD00003F1010304F1080126607FF7CCAE103295
:10DDE000072BCDE92B32676008DD07982AAA414648
:10DDF00001F000FA002840F071812DA9103D0C4679
:10DE0000E3E707982AAA414601F0F4F9002840F018
:10DE100065812DAC74E710200244072BCDE92B322D
:10DE2000606008DD07982AAA414601F0E3F900285E
:10DE300040F054812DA9103D0C4667E70C467FE762
:10DE4000002F4AD0013F1B9B2360169B169A6360EC
:10DE50002C9B13442C932B9B0133072B2B9343DCDC
:10DE600008340D9B93F800900A9B9B1B9945A8BF13
:10DE70009946B9F1000F2C9B09DD4B442C932B9B49
:10DE80000133072BC4E900692B9337DC08340D9B61
:10DE90001D78B9F1000FA8BFA5EB0905002D18DD0D
:10DEA000DDE92B322F482060102D03F1010304F12E
:10DEB00008012DDC6560072B1544CDE92B353ADDD3
:10DEC00007982AAA414601F095F9002840F00681FA
:10DED0002DAC0D9B1B781E4436E70D9B013B0D932B
:10DEE0000C9B013B0C93AEE707982AAA414601F030
:10DEF00081F9002840F0F2802DACB2E707982AAAF9
:10DF0000414601F077F9002840F0E8802DACBEE7EB
:10DF100010200244072BCDE92B32606008DD079802
:10DF20002AAA414601F066F9002840F0D7802DA9C1
:10DF3000103D0C46B4E70C46CBE707982AAA4146A9
:10DF400001F058F9002840F0C9802DAC1BE7079874
:10DF50002AAA414601F04EF9002840F0BF802DACBE
:10DF600027E700BF842401080899149B2B9A0129F4
:10DF700003F1010302F1010204F1080502DC1BF0C8
:10DF8000010F7FD00121072ACDE92B23C4F800908F
:10DF9000616008DD07982AAA414601F02BF90028A4
:10DFA00040F09C802DAD1A9B2B60119B119A6B60E9
:10DFB0002C9B13442C932B9B0133072B2B9332DC8C
:10DFC0000835089BDDE90E015C1E00220023DDE917
:10DFD0002B76F3F715FA00282ED109F10103C5E9D4
:10DFE0000034089B0137013E1E44072FCDE92B76F4
:10DFF00051DD07982AAA414601F0FCF800286DD1AE
:10E000002DAD26AB2B601C9B1C9A6B602C9B134484
:10E010002C932B9B0133072B2B933FF7B3AD05F1CB
:10E020000804FFF7F9BA07982AAA414601F0E2F876
:10E03000002853D12DADC4E7089B012BE1DD574EDD
:10E040001027DDE92B32102C03F1010305F1080143
:10E050002E6007DC6C60072B1444CDE92B34C8DC40
:10E060000D46CEE71032072BCDE92B326F6006DD6F
:10E0700007982AAA414601F0BDF878BB2DA9103CAB
:10E080000D46DEE70121072ACDE92B23C4F80090D5
:10E090006160B6DDADE70835B3E70C46FFF7BCBA03
:10E0A000129B159A9D1A002D7FF7BAAA3C4E102795
:10E0B000DDE92B32102D03F10103266018DC2A4420
:10E0C000072BCDE92B3265607FF7AAAA07982AAA09
:10E0D000414601F08FF800283FF4A2AABAF1000FE0
:10E0E0003FF4AEA807985146FDF724FEFFF7A8B805
:10E0F0001032072BCDE92B32676002DC0834103D6B
:10E10000D6E707982AAA414601F074F80028E5D11D
:10E110002DACF4E707985146FDF70CFEFFF798BACF
:10E120002C9B002B3FF48CA807982AAA414601F0AB
:10E1300061F8FFF785B856EA0702CDF830B03FF432
:10E140008BAB012B3FF40BAC022B0DF5AC793FF4FC
:10E1500052AC06F00703F60846EA4776FF0830336C
:10E1600056EA07014A4609F8013DF2D10C99C90760
:10E1700006D5302B04D0302309F8013CA2F1020966
:10E1800056ABDDF830B014954FF0000AA3EB09054B
:10E190005746CDF830A05646FFF78AB984240108C7
:10E1A0009424010870B505460C46B1B118B1436B13
:10E1B0000BB9FDF7D1FB636EDE0705D4A389980583
:10E1C00002D4A06DFDF72AFDB4F90C3043B9636E9B
:10E1D000D90702D4A06DFDF722FD0026304670BDA0
:10E1E0002146284600F034F8E36A064633B1E16977
:10E1F000284698470028B8BF4FF0FF36A3891A0673
:10E2000003D521692846FDF795FD216B41B104F145
:10E210004003994202D02846FDF78CFD002323637A
:10E22000616C21B12846FDF785FD00236364FDF78D
:10E2300087FB0023A381636EDB0702D4A06DFDF78B
:10E24000EEFCA06DFDF7E9FCFDF780FBC6E70000E2
:10E25000F8B50546B1F90C0006070C4657D440F452
:10E2600000638B814B68002B02DCCB6B002B4CDDF9
:10E27000A66A002E49D0002310F480522F68E1696D
:10E280002B6034D0226DA389590705D56368D21A53
:10E29000236B0BB1E36BD21A0023A66AE16928460F
:10E2A000B047431C06D12A681D2A47D8294B134181
:10E2B000DE0743D4B4F90C3023F40062A2810022BB
:10E2C0006260D9042269226004D5421C01D12B6806
:10E2D00003B92065216B2F60B9B104F14003994265
:10E2E00002D02846FDF726FD002323630DE001231D
:10E2F0002846B0470246501CC5D12B68002BC2D01F
:10E300001D2B01D0162B19D12F6000201DE00F69A5
:10E31000002FFAD083070E6808BF4B690F6018BF43
:10E320000023F61B8B60002EEFDDE169D4F824C0DA
:10E3300033463A462846E047002807DCB4F90C305B
:10E3400043F04003A3814FF0FF30F8BD0744361A75
:10E35000E9E700BFFEFFBFDF38B50C46054618B140
:10E36000436B0BB9FDF7F8FAB4F90C00B8B1636E62
:10E37000DB0704D4810502D4A06DFDF74FFC2846CD
:10E380002146FFF765FF636EDA07054605D4A389CA
:10E390009B0502D4A06DFDF742FC284638BD05461A
:10E3A000FBE7000000487047FC06002038B5074D29
:10E3B000074C641BA4101CB9BDE8384003F032B907
:10E3C000013C55F824309847F5E700BF682901085B
:10E3D0006C290108F8B5174600223A60144A21F06A
:10E3E0000046964204460D460B461ED8024632436E
:10E3F0001BD0104A0A4052B90F4B0022F2F798FD89
:10E400006FF0350204460B4621F000463A603A6848
:10E41000361523F0FF43A6F2FE3623F4E003324420
:10E4200043F07F553A6045F4001520462946F8BD73
:10E43000FFFFEF7F0000F07F000050432DE9F04721
:10E44000DFF86CA00646DAF8000098460F469146C1
:10E45000FDF7E4FB174B1C680CB9174C1C60656892
:10E46000DAF800001F2D05DDFDF7D9FB4FF0FF3076
:10E47000BDE8F0879EB104EB85010122C1F88890C8
:10E48000D4F88831AA401343C4F88831022EC1F869
:10E49000088102BFD4F88C311343C4F88C316B1C53
:10E4A0000235636044F82570FDF7B9FB0020DFE713
:10E4B000A0080020782B00207C2B00201FB51446DC
:10E4C0001A46094B1B680546D86854B9074B1C46C9
:10E4D000CDE9013400912B46054900F079FE01F0A9
:10E4E0002BFE044BF4E700BF78070020DF2401086F
:10E4F000B1240108A424010838B5A1FB021535B9DF
:10E50000FCF784F8044638B90024204638BDFDF7EE
:10E5100059FB0C230360F7E750F8042C22F00302A8
:10E52000043A242A19D8132A15D91B2AC0E9005500
:10E5300006D800F108030022C3E900229A60E4E74C
:10E54000242AC0E9025511BF00F11003056100F152
:10E5500018034561EFE70346EDE72946FDF7A9FA01
:10E56000D3E72DE9F74F03690C69A34207467EDB29
:10E57000013C01F11408A30000F11405009305EB20
:10E580008403019358F8243055F8242001339A422B
:10E5900008EB8409B2FBF3F62ED34FF0000AC44611
:10E5A000AE46D3465CF8043B98B206FB00A0020CD2
:10E5B0001B0C06FB0323DEF8002080B292B2121A75
:10E5C0005A44DEF800004FEA134A9BB2C3EB2243E1
:10E5D00003EB104392B242EA0342E1454EF8042BAA
:10E5E0004FEA234BDED2009BEB582BB9019B043B37
:10E5F0009D421A462FD33C613846FEF71DFA00288B
:10E6000025DB2946002058F8042BD1F800C01FFA5A
:10E6100082FE1FFA8CF3A3EB0E030344120CC2EB31
:10E62000234202EB1C429BB243EA0243C14541F83C
:10E63000043B4FEA2240E6D255F8242005EB840340
:10E6400022B9043B9D421A460BD33C610136304649
:10E6500003B0BDE8F08F1268043B002ACBD1013C27
:10E66000C6E71268043B002AEFD1013CEAE700202C
:10E67000EEE70000000000002DE9F04F816B97B03D
:10E6800014461D46CDE90245239E834649B1C26B1F
:10E690004A60012393408B60FDF77CFF0023CBF899
:10E6A00038302B1EB9BF23F000430393002333609F
:10E6B000DDF80C80984BBCBF0122326033EA0803BE
:10E6C00014D1229A42F20F731360C8F31303234349
:10E6D00000F04E85249BDFF844A21BB10AF103032E
:10E6E000249A1360504617B0BDE8F08FDDE902238D
:10E6F000CDE90C23DDE90C0100220023F2F780FEB6
:10E70000074650B1229A01231360249B13B1249A27
:10E71000834B1360DFF80CA2E4E714AB019315AB55
:10E7200000935846DDE90C23FEF79EFAC8F30A561B
:10E730008146002E76D00D9B1297C3F31303DDE9BB
:10E740000C0143F07F5343F44013A6F2FF36194601
:10E750000022754BF1F740FD69A3D3E90023F2F7DE
:10E76000E7FB69A3D3E90023F1F738FD04463046FF
:10E770000D46F1F77FFE66A3D3E90023F2F7D8FB3D
:10E7800002460B4620462946F1F728FD04460D4671
:10E79000F2F77EFE00220746002320462946F2F7C4
:10E7A00039FE40B13846F1F765FE22462B46F2F7B6
:10E7B00027FE00B9013F162F52D85C4B03EBC7036D
:10E7C000D3E90023DDE90C01F2F724FE002849D04B
:10E7D000013F00230F93149B9B1B5A1E44BFC3F1A0
:10E7E00001080023099254BF4FF000080993002F3D
:10E7F0003ADB099B0E973B44099300230A93209B25
:10E80000092B66D8052BC4BF043B2093209BA3F1A2
:10E810000203CCBF00240124032B65D8DFE803F0FA
:10E820002B383657DDE914631E4406F23243202BA1
:10E83000C1BFC3F1400308FA03F806F2124324FAF9
:10E8400003F3D6BFC3F1200348EA030004FA03F040
:10E85000F1F700FE0122A1F1F873013E129276E772
:10E860000123B7E70F90B6E77B420A930023A8EB9A
:10E8700007080E93C3E700230B93219B002B36DC84
:10E880000123CDE907331A4621920BE00123F3E778
:10E8900000230B93219BFB1808930133012B079353
:10E8A000B8BF01230021042202F11400984222D9AA
:10E8B000CBF83C105846FDF748FE824600283BD175
:10E8C0001B4B024640F2AF111A48FFF7F7FD012338
:10E8D000DFE70124002320930B944FF0FF33CDE9B1
:10E8E000073300221223CFE701230B93F5E7219B87
:10E8F000CDE90733D6E701315200D5E7AFF3008009
:10E9000061436F63A787D23FB3C8608B288AC63F35
:10E91000FB799F501344D33F0000F07FE9240108A6
:10E9200083240108822401080000F83F882301089D
:10E9300089220108ED240108079BCBF838000E2B33
:10E9400000F2A480002C00F0A180002F33DD864B64
:10E9500007F00F0203EBC203D3E90034F805CDE959
:10E9600004344FEA271416D5804BDDE90C01D3E9B6
:10E970000823F2F707FCCDE9020104F00F04032697
:10E980007A4D54B9DDE90423DDE90201F2F7FAFB1F
:10E99000CDE9020128E00226F2E7E10708D5DDE92A
:10E9A0000401D5E90023F2F7C3FACDE904010136E9
:10E9B00064100835E5E700F0D2807C426A4B6B4D6D
:10E9C00004F00F0203EBC203D3E90023DDE90C01DD
:10E9D000F2F7AEFACDE90201241100230226002C41
:10E9E00040F0B280002BD3D10F9BDDE90245002B14
:10E9F00000F0B7805E4B002220462946F2F70AFD60
:10EA0000002800F0AE80079B002B00F0AA80089B36
:10EA1000002B37DD7B1E04932046564B00222946EF
:10EA2000F2F786FACDE90201089C01363046F1F78B
:10EA300021FDDDE90223F2F77BFA4F4B0022F1F7CB
:10EA4000CDFB0546A1F15076002C40F09980DDE920
:10EA500002014A4B0022F1F7BFFB02460B46CDE90B
:10EA600002232A463346F2F7F3FC002840F08D8259
:10EA7000DDE902012A4606F10043F2F7CBFC00284B
:10EA800040F02681DDE90C34CDE90234159B002BE2
:10EA9000C0F262810E2F00F35F81334B03EBC7039B
:10EAA000D3E90034CDE90434219B002B03DA079B22
:10EAB000002B40F3FF80DDE902455646DDE90423E3
:10EAC00020462946F2F75EFBF2F7E2FC8046F1F7BA
:10EAD000D1FCDDE90423F2F72BFA02460B4620466F
:10EAE000294608F13004F1F777FB06F8014B079D42
:10EAF000A6EB0A04A54202460B4640F01581F1F749
:10EB00006DFBDDE9042304460D46F2F7A1FC002865
:10EB100040F0F780DDE9042320462946F2F770FC37
:10EB200018B118F0010F40F0EC8049465846FDF747
:10EB300031FD00233370229B01371F60249B002B83
:10EB40003FF4D0AD1E60CDE5E20705D5D5E9002341
:10EB5000F2F7EEF901360123641008353FE702268B
:10EB600042E7079C049761E78823010860230108B6
:10EB70000000F03F0000244000001C400000144052
:10EB8000704B0B9903EBC40353E90223544400294F
:10EB900045D06D490020F2F7F5FA33462A46F1F7E1
:10EBA0001BFBCDE910015646DDE90201F2F770FCCE
:10EBB0000546F1F75FFC02460B46DDE90201F1F77D
:10EBC0000BFB303502460B46CDE9022306F8015B0C
:10EBD000DDE91023F2F71EFC002863D1DDE90223F2
:10EBE0005A490020F1F7F8FADDE91023F2F712FC98
:10EBF000002840F08780A6423FF444AFDDE91001D1
:10EC0000534B0022F2F794F9514BCDE91001002249
:10EC1000DDE90201F2F78CF9CDE90201C4E73146E2
:10EC20002846F2F785F9CDE9100113945646DDE93F
:10EC30000201F2F72DFC0546F1F71CFC02460B46DB
:10EC4000DDE90201F1F7C8FA303506F8015B02464A
:10EC50000B46A642CDE902234FF0000224D13A4BE5
:10EC6000DDE91001F1F7BAFA02460B46DDE90201CF
:10EC7000F2F7EEFB002845D1DDE9102332490020F0
:10EC8000F1F7AAFA02460B46DDE90201F2F7C2FBF0
:10EC900000283FF4F7AE139E731E139316F8013C41
:10ECA000302BF8D0049F40E7294BF2F741F9CDE92A
:10ECB0000201BCE70CD1274B0022DDE90401F2F789
:10ECC00037F9DDE90223F2F7B9FB002800F05B8198
:10ECD00000242546219BDB4304935646002721460A
:10ECE0005846FDF757FC002DDCD02FB1AF4203D0C2
:10ECF00039465846FDF74EFC29465846FDF74AFC72
:10ED0000D0E7049733461E4613F8012D392A07D160
:10ED10009A45F8D1049A0132049230228AF80020F0
:10ED20001A7801321A70BDE7094B0022F2F700F998
:10ED30000022002304460D46F2F762FB00283FF450
:10ED4000BDAEF2E6882301080000E03F0000F03F7E
:10ED500000002440000014400B9A002A00F0DB80E1
:10ED6000209A012A00F3BF80129A002A00F0B7808F
:10ED700003F233430A9C4646099A01211A44584635
:10ED800098440992FDF7ECFC05465EB1099B002B07
:10ED900008DDB342099AA8BF3346A8EB0308F61A68
:10EDA000D31A09930A9BF3B10B9B002B00F0B78099
:10EDB0008CB1294622465846FDF792FD4A46014647
:10EDC00005465846FDF7E2FC494604905846FDF7D3
:10EDD000E1FB049B99460A9B1A1B04D049465846FE
:10EDE000FDF77EFD814601215846FDF7B9FC0E9BDB
:10EDF0000446002B00F0C6811A4601465846FDF72E
:10EE00006FFD209B012B044600F38F80029B002B9B
:10EE100040F08780039BC3F31303002B40F08380F3
:10EE2000039B23F000431B0D1B052BB1099B0133F2
:10EE3000099308F1010801230A930E9B002B00F0AF
:10EE4000A781236904EB83031869FDF73DFCC0F13A
:10EE50002000099B184410F01F0071D0C0F120035E
:10EE6000042B65DD099BC0F11C000344804406446B
:10EE70000993B8F1000F05DD494642465846FDF7B3
:10EE80006FFD8146099B002B05DD21461A46584639
:10EE9000FDF766FD04460F9B002B53D021464846E4
:10EEA000FDF7CAFD00284DDA7B1E04934946002376
:10EEB0000A225846FDF778FB0B9B8146002B00F099
:10EEC0006981002329460A225846FDF76DFB089BFD
:10EED000002B054661DC209B022B3BDC5DE0149B94
:10EEE000C3F1360346E7079B5C1E0A9BA342BFBFE4
:10EEF0000A9B0E9A0A94E31AB4BFD2181C1B079BF4
:10EF0000BCBF0E920024002BB5BFA8EB0306079BE5
:10EF10000023464630E70A9C0B9D464635E70A9A91
:10EF20005CE7002388E7029B86E700230A9388E7D3
:10EF30009FD0099A1C331A4498441E44099298E7BA
:10EF40000346F6E7079B0497002B20DC0893209BE1
:10EF5000022B1EDD089B002B7FF4BCAE2146052250
:10EF60005846FDF721FB014604464846FDF764FD7F
:10EF700000287FF7AFAE5646312306F8013B049BCD
:10EF800001330493AAE6079C04972546F3E7079B01
:10EF900008930B9B002B00F00181002E05DD294614
:10EFA00032465846FDF7DCFC05460A9B002B59D03B
:10EFB00069685846FDF7C9FA064620B9824B0246F1
:10EFC00040F2EF2180E42A690232920005F10C013F
:10EFD0000C30FCF731FE012231465846FDF7C0FCEB
:10EFE0000AF101030793089B53440B93029B03F020
:10EFF00001032F460A930546079B2146013B4846DD
:10F000000293FFF7AEFA3946089000F130084846FF
:10F01000FDF712FD2A46099021465846FDF728FDC6
:10F02000C268064602BB01464846FDF705FD02469A
:10F03000314658460C92FDF7ADFA209B0C9A079E7C
:10F0400043EA02010A9B194310D1B8F1390F29D0C4
:10F05000099B002B02DD089B03F13108029B83F81A
:10F0600000803CE62846BBE70122E1E7099B002B34
:10F0700004DB20990B430A990B4320D1002AEDDDD4
:10F08000494601225846FDF76BFC21468146FDF7B3
:10F09000D3FC002803DCE1D118F0010FDED0B8F179
:10F0A000390FD8D1029A3923137033461E46013BDB
:10F0B00016F8012C392A52D001321A700FE6002AB4
:10F0C00007DDB8F1390FEDD0029A08F10103137092
:10F0D00005E6079B079A03F8018C0B9B934228D007
:10F0E000494600230A225846FDF75EFAAF428146A0
:10F0F0004FF000034FF00A023946584607D1FDF79A
:10F1000053FA07460546079B0133079374E7FDF75B
:10F110004BFA2946074600230A225846FDF744FACF
:10F120000546F0E7089B002BCCBF1E46012656443F
:10F130000027494601225846FDF712FC2146814628
:10F14000FDF77AFC0028B0DC02D118F0010FACD139
:10F1500033461E4613F8012D302AFAD0BFE59A45F2
:10F16000A4D1049B0133049331238AF80030B6E51F
:10F17000249BDFF858A0002B3FF4B4AA0AF108033F
:10F18000FFF7AEBA209B012B7FF740AE0E9B0A9390
:10F1900001205EE6089B002B7FF7D9AE564621463C
:10F1A0004846FFF7DEF900F1300806F8018B089BAE
:10F1B000A6EB0A029342B5DD494600230A225846CF
:10F1C000FDF7F2F98146EAE789220108E024010807
:10F1D0000EB403B5014603AB054853F8042B006891
:10F1E000019300F0B7F802B05DF804EB03B070478C
:10F1F000780700202DE9F74F9368D2F800B001900E
:10F200000C461746002B57D1002000237B6003B02B
:10F21000BDE8F08FDBE900A80BF1080BA6682068B9
:10F22000B8F1000FF6D0B0452ED3B4F90C2012F48B
:10F23000906F29D021696569A0EB010905EB4505AF
:10F2400005EBD57509F101006D104044854238BFCA
:10F250000546530534D501982946FBF7D7F90646EC
:10F26000002838D04A462169FCF7E6FCA28922F43E
:10F27000906242F08002A281266165614E44A5EB56
:10F2800009052660A5604646464528BF46463246E3
:10F290005146206800F036FFA268921BA2602268E7
:10F2A00032442260BA68A2EB0803C244BB60002B60
:10F2B000AAD04FF00008B1E74FF0000AD046ADE702
:10F2C00001982A4600F040FF06460028D4D1216963
:10F2D0000198FCF72FFD019A0C231360A38943F0DA
:10F2E0004003A3810023BB604FF0FF308DE72DE981
:10F2F000F84F936880460E46144643B34B6E9D0408
:10F3000022D51568A068083528B90023A36000231A
:10F310006360BDE8F88F55E902B74FF000094FEA86
:10F32000970ACA4505DCA36827F00307DB1BA36027
:10F33000E8E75BF829103246404600F0BAFE431C6D
:10F34000E3D009F10109ECE700F0D0FCDDE7184655
:10F35000DDE700002DE9F04FBBB00F4693461C4699
:10F360001D46009018B1436B0BB9FCF7F5FA7B6EA4
:10F37000DB0705D4BB899E0502D4B86DFCF74EFCB3
:10F38000B7F90C30980406D443F40053BB817B6E6C
:10F3900023F400537B66BB89190701D53B69ABB9E0
:10F3A0000098394600F0EEFD80B17B6EDA0706D595
:10F3B0004FF0FF33039303983BB0BDE8F08FBB8958
:10F3C0009B05F5D4B86DFCF72AFCF1E7B7F90C30D2
:10F3D00003F01A020A2A14D1B7F90E20002A10DB12
:10F3E0007A6ED60704D49D0502D4B86DFCF717FCDD
:10F3F000009823465A4639463BB0BDE8F04F00F02E
:10F4000035BC0023CDE90F33CDE9053311AE0E969F
:10F410000793099303935B461C4613F8012B0AB12B
:10F42000252AF9D1B4EB0B080DD0109B434410935F
:10F430000F9B0133072BC6E900B80F9375DC083624
:10F44000039B434403932378002B00F0D1830023D4
:10F450004FF0FF32CDE9012301348DF833309A4665
:10F46000A3461BF8013BA3F120025A2A00F216839F
:10F47000DFE812F09A0014031403A200140314032B
:10F480001403820014031403A500AF001403AC009E
:10F49000B1001403CD00D000D000D000D000D000C7
:10F4A000D000D000D000D0001403140314031403C0
:10F4B00014031403140314031403F70004011403C6
:10F4C0001403140314031403140314031403140384
:10F4D000140352011403140314039A0114037A024F
:10F4E000140314039A0214031403140314031403DF
:10F4F00014031403140314031403F7000601140384
:10F5000014031403E0000601F1001403EB001403DC
:10F51000320154018901F10014039A0198007C0220
:10F520001403140365001403980000980EAA3946CA
:10F53000FFF7DDFE002840F03A8311AE80E7994ADC
:10F5400005921AF0200200F03182073525F00705F8
:10F55000A8466D6858F8084B1AF0010F09D054EA14
:10F5600005021FBF30228DF834208DF835304AF067
:10F57000020A2AF4806A12E10098FEF713FF43683A
:10F5800009931846F1F77CFC07900098FEF70AFFF4
:10F5900083680693079B2BB1069B1BB11B780BB1AD
:10F5A0004AF4806A5C465BE79DF83330002BF9D162
:10F5B00020238DF83330F5E74AF0010AF2E755F8D9
:10F5C000043B0293002BEDDA5B4202934AF0040AFB
:10F5D000E8E72B23EDE75A4612F8013B2A2B12D11C
:10F5E00055F8043B43EAE37301939346DAE7019B42
:10F5F00000FB0313019312F8013BA3F13001092929
:10F60000F5D993462FE7002101910A20F5E74AF04A
:10F61000800AC7E700215A4602910A200299303B2E
:10F6200000FB0133029312F8013BA3F130010929D9
:10F63000F4D9E6E79BF80030682B06BF0BF1010B0D
:10F640004AF4007A4AF0400AACE79BF800306C2B91
:10F6500004D10BF1010B4AF0200AA3E74AF0100A8B
:10F66000A0E7A846002458F8043B8DF884308DF8B4
:10F670003340012301930DF18409ABE04AF0100AF5
:10F680001AF0200F11D0073525F00705A8466D6840
:10F6900058F8084B002D06DA64424FF02D0365EB55
:10F6A00045058DF83330012348E0A8461AF0100FC5
:10F6B00058F8045B02D02C46ED17EBE71AF0400F28
:10F6C00003D02CB245F3C035E4E71AF4007FF2D042
:10F6D0006CB245F3C015DDE71AF0200F07D0039A8E
:10F6E0002B680399D217C3E90012043593E61AF088
:10F6F000100F03D02B68039A1A60F6E71AF0400F38
:10F7000003D02B68039A1A80EFE71AF4007FF1D038
:10F710002B68039A1A70E8E74AF0100A1AF02003DF
:10F720001FD0073525F00705A8466D6858F8084B27
:10F730002AF4806A002300228DF83320019A0132D6
:10F7400000F063822AF08002049254EA050240F03D
:10F750006282019A002A00F09881012B40F05E82BB
:10F760003BE1A8461AF0100558F8044B01D01D469D
:10F77000DEE71AF0400301D0A4B2D9E71AF400750D
:10F78000D6D0E4B2F3E7A84647F63003ADF83430FC
:10F7900058F8044B034B059300254AF0020A022354
:10F7A000C9E700BF60240108019BA8465C1C4FF01C
:10F7B000000558F8049B8DF8335000F0D0801A46AD
:10F7C00029464846F1F764FB044618B1A0EB09034B
:10F7D00001932C46019BA342B8BF234604939DF896
:10F7E000333013B1049B013304931AF002030893DE
:10F7F0001EBF049B023304931AF084030A931FD1A3
:10F80000029B049A9D1A002D1ADDA94B3360DDE995
:10F810000F21102D02F1010206F1080000F34E81C4
:10F820007560072A0D44CDE90F2540F35C810098EF
:10F830000EAA3946FFF75BFD002840F0B88111AEF3
:10F840009DF83310DDE90F3261B10DF13301013361
:10F85000316001210A44072BCDE90F32716000F3BA
:10F86000448108360899DDE90F3259B10DA90133F9
:10F87000316002210A44072BCDE90F32716000F399
:10F880003D8108360A9B802B1FD1029B049A9D1A4A
:10F89000002D1ADD874B3360DDE90F21102D02F1B9
:10F8A000010206F1080000F332817560072A0D4459
:10F8B000CDE90F2540F3408100980EAA3946FFF7A5
:10F8C00016FD002840F0738111AE019BE41A002C54
:10F8D0001ADDDDE90F3277483060102C03F10103A7
:10F8E00006F1080100F32A817460072B1444CDE966
:10F8F0000F3440F3348100980EAA3946FFF7F7FC25
:10F90000002840F0548111AE019B019A7360109B56
:10F91000C6F80090134410930F9B0133072B0F93ED
:10F9200000F31F8106F108031AF0040F40F0218153
:10F93000DDE9022304998A42ACBF9B185B1803934C
:10F94000109B3BB100980EAA3946FFF7D0FC002867
:10F9500040F02D8100230F93454611AE5BE54846EC
:10F96000F1F78EFA019034E74AF0100A1AF02003FA
:10F9700008D0073525F00705A8466D6858F8084BEC
:10F980000123D8E6A8461AF0100558F8044B01D018
:10F990001D46F5E71AF0400301D0A4B2F0E71AF4CF
:10F9A0000075EDD0E4B2F3E7434AC9E5A8461AF082
:10F9B000100558F8044B01D01546CDE51AF0400269
:10F9C00001D0A4B2C8E51AF400753FF4C5ADE4B2A5
:10F9D000F2E70A2C75F1000306D23034E4B28DF858
:10F9E000E7400DF1E70935E13AAB0893049B03F4D6
:10F9F00080634FF0000A0A930A220023204629461A
:10FA0000F1F7BCF80B4608990B90303201F8012C45
:10FA10000A9A01F1FF390AF1010AE2B1069A127855
:10FA2000524518D1BAF1FF0F15D00A2C75F100021A
:10FA300011D30893079B0999A9EB03091A46484675
:10FA4000FCF751F8069B5A78089B72B1069A01326E
:10FA500006924FF0000A0A2C75F10005C0F0FA80FA
:10FA60000B9CCDF820901D46C6E79246F3E704F0C4
:10FA70000F03059A2409D35C09F8013D44EA057493
:10FA80002D0954EA0503F2D1E4E023B91AF0010F7D
:10FA900001D03024A3E70DF1E809DBE0002B00F0F2
:10FAA000A78000248DF884308DF83340A846E0E527
:10FAB0005525010845250108712401084FF0100C57
:10FAC0006144072ACDE90F21C6F804C008DD00987B
:10FAD0000EAA3946FFF70BFC002868D1614B11A82C
:10FAE000103D064692E60646AAE600980EAA39465A
:10FAF000FFF7FDFB00285AD111AEB3E600980EAA1D
:10FB00003946FFF7F4FB002851D111AEBAE64FF0A9
:10FB1000100C6144072ACDE90F21C6F804C008DDA6
:10FB200000980EAA3946FFF7E2FB00283FD14E4B62
:10FB300011A8103D0646AEE60646C6E61020024471
:10FB4000072BCDE90F32706006DD00980EAA39460A
:10FB5000FFF7CDFB58BB11A9103C0E46B9E60E4687
:10FB6000D2E600980EAA3946FFF7C1FBF8B911ABEF
:10FB7000DAE6029A0499541A002C7FF7D9AE394D6F
:10FB80001026DDE90F21102C02F101021D601DDCA1
:10FB90005C60072A0C44CDE90F247FF7C9AE0098BA
:10FBA0000EAA3946FFF7A3FB00283FF4C1AE7B6ED7
:10FBB000D90705D4BB899A0502D4B86DFCF72FF894
:10FBC000BB895B067FF5F7ABFFF7F2BB1031072A65
:10FBD000CDE90F215E6002DC0833103CD1E70098CC
:10FBE0000EAA3946FFF783FB0028E0D111ABF4E7FA
:10FBF000109B13B900230F93D9E700980EAA39463A
:10FC0000FFF775FB0028F5D0D1E754EA0502CDF8DF
:10FC100010A03FF4A2AD012B3FF4DBAE022B0DF19F
:10FC2000E8093FF424AF04F00703E40844EA45740C
:10FC3000ED08303354EA05014A4609F8013DF2D196
:10FC40000499C80706D5302B04D0302309F8013CAD
:10FC5000A2F102093AABA3EB0903019CDDF810A065
:10FC60000193B7E55525010845250108F0B51F4664
:10FC70008B89ADF26C4D23F00203ADF80C304B6E66
:10FC80001993CB89ADF80E30CB6907934B6A099372
:10FC90001AAB009304934FF4806315460646029313
:10FCA000059316A800230C460693FBF7B5FF2A46DA
:10FCB0003B4669463046FFF74DFB051E07DB6946AC
:10FCC0003046FEF749FB002818BF4FF0FF35BDF85E
:10FCD0000C3016985B0642BFA38943F04003A38112
:10FCE000FBF79BFF28460DF26C4DF0BD93682DE9A4
:10FCF000F74F06460C4691461BB9002003B0BDE8FD
:10FD0000F08F8B89180750D50B69002B4DD0B4F9B3
:10FD10000C30D9F8008013F002076BD113F0010307
:10FD200000F09C803846BA46BB46BBF1000F00F09D
:10FD3000038150B95A460A215046F1F7A9F8002824
:10FD400000F000810130A0EB0A0720682169A56856
:10FD500063695F453A4628BF5A46884240F2F580BB
:10FD60001D44AA4240F3F18051462A4600F0CAF9E8
:10FD700023682B44236021463046FEF7EDFA002825
:10FD800067D17F1B40F0F98021463046FEF7E4FA48
:10FD900000285ED1D9F808305B1BAA44ABEB050BF9
:10FDA000C9F80830002BC0D1A7E72146304600F043
:10FDB000E9F80028ABD04FF0FF309FE7D8E900A565
:10FDC00008F10808D4F824B0E169002DF6D0BD424E
:10FDD0002B46524628BF3B463046D847002838DDE0
:10FDE000D9F808301B1A82442D1AC9F80830002BA4
:10FDF000E8D182E74FF0000A614F5546E2E7D8E9C3
:10FE0000007A08F10808B4F90C302068A268BAF149
:10FE1000000FF4D0990563D5524536D813F4906F8E
:10FE200033D021696569A0EB010B05EB450505EBB6
:10FE3000D5750BF101026D105244954238BF15463D
:10FE40005B053DD529463046FAF7E0FB48B90C235F
:10FE50003360A38943F04003A381ACE71F469A4671
:10FE6000D1E75A4621690190FBF7E6FEA289019B82
:10FE700022F4906242F08002A281236165615B44BA
:10FE8000A5EB0B0523605246A560524528BF52469C
:10FE900020680192394600F035F9A368019A9B1A4F
:10FEA000A3602368134455462360D9F808305B1BD0
:10FEB0002F44AAEB050AC9F80830002BA3D11CE790
:10FEC0002A46304600F040F903460028D5D1216982
:10FED0003046FBF72FFFA38923F08003A381B6E709
:10FEE0002369834202D36169514515D9524528BF20
:10FEF00052463946154600F005F9A36822685B1B97
:10FF00002A44A3602260002BCFD121463046FEF761
:10FF100023FA0028C9D09CE76FF00043534528BF5F
:10FF20005346656A93FBF1F33A464B433046E16929
:10FF3000A847051EB9DC8CE7D8E900AB002008F122
:10FF40000808F2E60BF10107FFE6934208DC656A58
:10FF5000E16952463046A847051E3FF712AF78E7E1
:10FF60005146019200F0CEF8019AA3689B1AA36053
:10FF7000236813442360154603E701200AE700BF06
:10FF800000FCFF7F38B5294B054618680C4618B1B0
:10FF9000436B0BB9FBF7E0FCB4F90C30190722D422
:10FFA000DA0607D409222A6043F04003A3814FF008
:10FFB000FF3033E0580712D5216B41B104F1400303
:10FFC000994202D02846FBF7B5FE00232363A3899C
:10FFD00023F02403A3810023636023692360A389A2
:10FFE00043F00803A38123694BB9A38903F4207369
:10FFF000B3F5007F03D02146284600F08BFAB4F910
:020000040801F1
:100000000C3013F001020AD00022A2606269524251
:10001000A261226942B913F08000C5D138BD9907A9
:1000200058BF6269A260F4E70020F7E77807002074
:100030002DE9F74380460F461446FBF767FD01287C
:1000400005461BD17B1EFE2B18D88DF804700026A8
:100050000DF10409AE4221D0A36816F80910013B46
:10006000002BA36004DAA26993421BDB0A2919D092
:1000700023685A1C226019700136EBE704F15C0317
:100080003A4601A9404600F007FA431C0546DED176
:10009000A38943F04003A3814FF0FF37384603B0F4
:1000A000BDE8F0832246404600F070FA0130E3D10B
:1000B000F2E7536EDB0770B505460E46144605D4CD
:1000C0009389980502D4906DFBF7A8FDB4F90C3024
:1000D000990406D443F40053A381636E43F40053A0
:1000E0006366224628463146FFF7A2FF636EDA07B1
:1000F000054605D4A3899B0502D4A06DFBF78FFDAF
:10010000284670BD884210B501EB020402D9844232
:10011000234607D8431EA14208D011F8012B03F84B
:10012000012FF8E7024401468A4200D110BD13F8BE
:10013000014D02F8014DF7E708B5062000F098FAE6
:100140000120F6F76BFA00002DE9F74F824693463F
:100150000C4629B9114603B0BDE8F04FFAF756BA7C
:10016000FAF78EFC0BF10B0854F8045CB8F1160F8B
:10017000A4F1080925F0030608D938F0070807D5C7
:100180000C23CAF800304FF0000B32E04FF010089B
:10019000C345F5D8464580F274819E4BD3F808C01C
:1001A00009EB06018C45486805D020F001020A449D
:1001B0005268D70749D420F003008C4506EB0007AE
:1001C0001BD108F11002BA4241DC09EB0802A7EB8F
:1001D000080747F001079A60576054F8043C03F0A1
:1001E000010343EA080344F8043C5046FAF74EFC86
:1001F000A346584603B0BDE8F08FB84527DCD1E9E7
:100200000223D3609A60D9F80430A7EB08000F28C6
:1002100003F0010309EB070240F2358109EB080105
:1002200048EA030340F00100C9F80430486053680D
:1002300043F00103536008315046FBF77BFD504605
:10024000FAF724FC09F1080BD3E700200146EA077E
:1002500000F1C78054F8085CA9EB05056A6822F034
:10026000030232440192002900F086808C4500EBA5
:10027000020749D108F11002BA427DDCAB46EA68B8
:100280005BF8081FCA609160321F242A36D8132AEF
:1002900032D92168A9606168E9601B2A1AD808343C
:1002A00005F110022168116061685160A1689160D8
:1002B00005EB0802A7EB080747F001079A605760B3
:1002C0006B6803F0010343EA08036B605046FAF7DA
:1002D000DDFB8EE7A1682961E1686961242A01BF1D
:1002E0002269AA616169E96119BF103405F1180238
:1002F00005F120021834D5E75A46D3E7214658467F
:10030000FFF700FF434BD3E7B84535DCD1E90223C3
:100310002846D3609A6050F8082FEB68D3609A6043
:10032000321F242A24D8132A08D92368AB606368B3
:10033000EB601B2A0AD8083405F11000236803601B
:1003400063684360A3688360A9465CE7A3682B6188
:10035000E3686B61242A01BF2369AB616369EB61C8
:1003600019BF103405F1180005F120001834E5E735
:100370002146FFF7C7FEE7E7019B984531DC284699
:10038000EB6850F8082FD3609A60321F242A24D8D3
:10039000132A08D92368AB606368EB601B2A0AD86C
:1003A000083405F110002368036063684360A368A4
:1003B0008360019FC8E7A3682B61E3686B61242A0F
:1003C00001BF2369AB616369EB6119BF103405F1AB
:1003D000180005F120001834E5E72146FFF792FEEA
:1003E000E7E759465046FAF711F9834618B95046DF
:1003F000FAF74CFBC7E654F8043C23F001034B44E6
:10040000A0F10802934207D150F8047C27F00307BB
:100410003744F8E6F8010020321F242A2DD8132A89
:1004200028D923680360636843601B2A0ED804F14F
:10043000080200F108031168196051685960926858
:100440009A6021465046FBF775FC3FE7A36883603E
:10045000E368C360242A01BF2369036161694161C4
:1004600019BF04F1100200F1100304F1180200F1A9
:100470001803E0E703462246DDE72146FFF742FE88
:10048000DFE73746BFE61F43C9F80470536843F0FF
:1004900001035360D3E600BFF0B5094C85B0D4F832
:1004A000E07005461E4609B90A4601A9B847431C33
:1004B00001BF002333608A232B6005B0F0BD00BF6D
:1004C0000C06002070B50C46B1F90E10002996B04C
:1004D00015461E4607DAA18911F0800117D14FF4A5
:1004E000806308460FE06A4600F0CAF80028F2DB95
:1004F000019901F47041A1F50053594259414FF45B
:1005000000604FF4806331602B6016B070BD002135
:100510004023E6E78B89F7B59D0706460C4607D5CD
:1005200004F14303236023610123636103B0F0BD41
:1005300001AB6A46FFF7C6FF009F054639463046C5
:10054000FAF764F848B9B4F90C309A05EED423F000
:10055000030343F00203A381E2E7A389206043F091
:100560008003A381019BC4E904075BB1B4F90E10B9
:10057000304600F097F828B1A38923F0030343F035
:100580000103A381A3891D43A581CFE7F8B50E46DA
:100590001446054618B1436B0BB9FBF7DDF9A369A7
:1005A000A360A389190701D5236943B921462846C9
:1005B000FFF7E8FC18B14FF0FF373846F8BDB4F943
:1005C0000C30F6B29A04374606D443F40053A381A4
:1005D000636E23F40053636623682269981A636983
:1005E000834205DC21462846FDF7B6FE0028E2D10D
:1005F000A368013BA36023685A1C22601E706269D5
:10060000431C9A4204D0A389DB07D6D50A2ED4D145
:1006100021462846FDF7A0FE0028CED0CBE71F29B3
:1006200038B505460C4604D9162303604FF0FF3059
:1006300038BDD0F8182112B152F821304BB92846F4
:1006400000F052F8224601462846BDE8384000F046
:1006500039B8012B0AD0591C03D11623036001209D
:10066000E6E7002142F82410204698470020DFE703
:10067000024B01461868FFF7D2BF00BF7807002081
:1006800038B5074D00230446084611462B60F5F7A0
:10069000ECFF431C02D12B6803B1236038BD00BFBF
:1006A000702B002038B5064D0023044608462B6009
:1006B000F5F7E0FF431C02D12B6803B1236038BD7E
:1006C000702B002038B5074D00230446084611461C
:1006D0002B60F5F79BFF431C02D12B6803B123600D
:1006E00038BD00BF702B0020F5F78EBF38B505462A
:1006F00000F098F9294604462846F0F761FF68B9EA
:1007000000212846F0F7CCF940B1FBF75BFA212332
:10071000002103600846F0F7D9F80446204638BDAA
:100720002DE9F04120F00045B5F1A14F0446804687
:100730000ED3B5F1FF4F04D90146EFF70BFF044686
:1007400003E0002840F3CE80674C2046BDE8F081EE
:10075000664B9D420ED8B5F1445F08D26449EFF76D
:10076000F9FE4FF07E51F0F7B9F90028EDD14FF0C6
:10077000FF361CE000F018F95E4B9D4204467CD821
:10078000A3F5D0039D4267D80146EFF7E3FE4FF093
:100790007E51EFF7DDFE4FF0804105462046EFF732
:1007A000D9FE01462846F0F791F800260446214676
:1007B0002046EFF7D7FF01460746EFF7D3FF4E4934
:1007C0000546EFF7CFFF4D49EFF7C4FE2946EFF797
:1007D000C9FF4B49EFF7BEFE2946EFF7C3FF494972
:1007E000EFF7B8FE2946EFF7BDFF4749EFF7B2FE36
:1007F0002946EFF7B7FF4549EFF7ACFE3946EFF76B
:10080000B1FF434907462846EFF7ACFF4149EFF7F0
:100810009FFE2946EFF7A6FF3F49EFF799FE2946CD
:10082000EFF7A0FF3D49EFF793FE2946EFF79AFF58
:100830003B49EFF78DFE2946EFF794FF0146384616
:10084000EFF788FE2146EFF78DFF731C014633D189
:100850002046EFF77DFE72E74FF07E51EFF778FE0E
:100860004FF07E5105462046EFF774FE01462846BC
:10087000F0F72CF80126044699E72A4B9D4214D83C
:100880004FF07F51EFF764FE4FF07F510546204651
:10089000EFF768FF4FF07E51EFF75CFE0146284608
:1008A000F0F714F80226044681E701461E48F0F7E7
:1008B0000DF8032604467AE71C4B53F82610EFF791
:1008C00047FE2146EFF744FE194B014653F8260038
:1008D000EFF73EFEB8F1000F0446BFF636AF00F169
:1008E000004432E7134C30E7DB0FC93FFFFFDF3E28
:1008F000CAF24971FFFF973FD769853C59DA4B3DF2
:10090000356B883D6E2EBA3D2549123EABAAAA3EF4
:1009100021A215BD6BF16E3D95879D3D388EE33D5F
:10092000CDCC4C3EFFFF1B40000080BF6825010876
:1009300078250108DB0FC9BF07B51A4A20F000432C
:100940009342014605D8002103B05DF804EB00F0A6
:10095000D9B8B3F1FF4F04D3EFF7FAFD03B05DF858
:1009600004FB694600F0C4F900F00302012A07D035
:10097000022A0CD082B90199009800F0C3F8EDE783
:100980000199009800F03EF900F10040E6E7019976
:10099000009800F0B7F8F7E701990098012200F0FD
:1009A00031F9DBE7D80F493F20F0004070470000E5
:1009B00007B51B4A20F000439342014606D80022A7
:1009C000002103B05DF804EB00F01CB9B3F1FF4F58
:1009D00004D3EFF7BDFD03B05DF804FB694600F0FA
:1009E00087F900F00300012808D002280BD090B945
:1009F00001990098012200F005F9ECE701990098AF
:100A000000F080F8E7E701990098012200F0FAF879
:100A100000F10040DFE70199009800F073F8F7E774
:100A2000D80F493F20F00042B2F1FF4F2DE9F041CD
:100A3000034604460AD30146EFF794FE01462046DA
:100A4000EFF788FD04462046BDE8F081002AFAD081
:100A5000002806DA0146EFF77BFD0146EFF736FF87
:100A6000F0E710F0FF424FEAE0513DD0C3F3160328
:100A700043F40003CA07A1F17F0558BF5B000024BF
:100A80006D105B00192026464FF0807172189A4253
:100A9000DDBF561864189A1A1A4601384FEA420305
:100AA0004FEA5101F2D1BAB1144E154F306839688E
:100AB000D6F80080EFF74CFD01464046EFF7FAFF0D
:100AC00050B1306839683668EFF744FD014630466A
:100AD000EFF7E6FF68B10234641004F17C5404EBD4
:100AE000C554B0E75B0001321802FBD5013A891A00
:100AF000BCE7013424F00104EEE700BFA8080020A1
:100B0000A40800202DE9F04120F00045B5F1485F30
:100B10000646884603D2EFF7EBFF00285CD031464B
:100B20003046EFF71FFE4FF07C510446EFF71AFEF8
:100B30002B4907462046EFF715FE2A49EFF70AFD35
:100B40002146EFF70FFE2849EFF702FD2146EFF7A8
:100B500009FE2649EFF7FEFC2146EFF703FE244984
:100B6000EFF7F6FC2146EFF7FDFD2249EFF7F2FC27
:100B70002146EFF7F7FD2146EFF7F4FD4146044625
:100B80003046EFF7EFFD01462046EFF7E1FC1A4B48
:100B90009D4204460AD801463846EFF7D9FC014683
:100BA0004FF07E50EFF7D4FCBDE8F081134B9D422F
:100BB0008CBF134D05F17F4529464FF07E50EFF76E
:100BC000C7FC294606463846EFF7C2FC2146EFF738
:100BD000BFFC01463046E5E74FF07E50E4E700BF3A
:100BE0004ED747ADF6740F317CF29334010DD037F8
:100BF000610BB63AABAA2A3D9999993E0000483F4D
:100C00000000903E2DE9F84320F00043B3F1485F27
:100C100004460F46914603D2EFF76AFF002835D00D
:100C200021462046EFF79EFD054601462046EFF798
:100C300099FD294906462846EFF794FD2749EFF725
:100C400087FC2946EFF78EFD2549EFF783FC2946FF
:100C5000EFF788FD2349EFF77BFC2946EFF782FD8C
:100C60002149EFF777FC8046B9F1000F11D1014619
:100C70002846EFF777FD1D49EFF76AFC3146EFF79D
:100C800071FD01462046EFF765FC04462046BDE8AD
:100C9000F8834FF07C513846EFF764FD41468146BA
:100CA0003046EFF75FFD01464846EFF751FC294615
:100CB000EFF758FD3946EFF74BFC0C490546304637
:100CC000EFF750FD01462846EFF744FC0146204669
:100CD000EFF73EFCD9E700BFD3C92E2F342FD73210
:100CE0001BEF3836010D50398988083CABAA2A3EE3
:100CF0002DE9F04FA44A20F00048904587B00C46FB
:100D0000824604D8002308604B6000251DE09F4AFE
:100D100090454FD820F0004500289D499D4F25F073
:100D20000F0524DDEFF714FCBD42064611D09A49A9
:100D3000EFF70EFC014605463046EFF709FC9649F1
:100D4000EFF706FC256060600125284607B0BDE886
:100D5000F08F9249EFF7FCFB91490646EFF7F8FB5D
:100D6000014605463046EFF7F3FB8D49E8E7EFF71C
:100D7000F1FBBD4206460FD08749EFF7EBFB01467A
:100D800005463046EFF7E4FB8349EFF7E3FB2560C8
:100D900060604FF0FF35D8E78049EFF7DBFB804913
:100DA0000646EFF7D7FB014605463046EFF7D0FB86
:100DB0007B49EAE77B4A904500F29580FFF7F4FD16
:100DC00079490646EFF7CEFC4FF07C51EFF7C2FBB6
:100DD000EFF78EFE0546EFF771FC6D498146EFF7A0
:100DE000C1FC01463046EFF7B3FB6B490746484666
:100DF000EFF7B8FC1F2D06460EDC6C4A691E2AF080
:100E0000004352F8212023F0FF03934204D03146DF
:100E10003846EFF79DFB0BE031463846EFF798FB7D
:100E2000C0F3C753C3EBD853082B4FEAE85B01DC90
:100E3000206026E059494846EFF794FC06460146F3
:100E40003846EFF785FB014680463846EFF780FBD2
:100E50003146EFF77DFB524906464846EFF782FCE4
:100E60003146EFF775FB014606464046EFF770FB4B
:100E7000C0F3C753ABEB030BBBF1190F18DC2060B9
:100E80004746D4F8008038464146EFF761FB3146CB
:100E9000EFF75EFBBAF1000F6060BFF656AF08F1E6
:100EA000004800F10040C4F8008060606D424CE7EB
:100EB0003F494846EFF756FC064601464046EFF7E5
:100EC00047FB014607464046EFF742FB3146EFF746
:100ED0003FFB384906464846EFF744FC3146EFF7FA
:100EE00037FB064693E7B8F1FF4F05D30146EFF70E
:100EF0002FFB6060206008E74FEAE856863EA8EBCB
:100F0000C6584046EFF7F4FDEFF7D8FB01460390D3
:100F10004046EFF71DFB4FF08741EFF723FC0746F4
:100F2000EFF7E6FDEFF7CAFB0146049005463846A9
:100F3000EFF70EFB4FF08741EFF714FC002105900F
:100F4000EFF7A4FDF0B100212846EFF79FFD002840
:100F500014BF01230223184A019202220092214663
:100F6000324603A800F02AF8BAF1000F0546BFF692
:100F7000ECAE236803F100432360636803F1004390
:100F8000636093E70323E6E7D80F493FE3CB1640BE
:100F9000800FC93FD00FC93F434435370044353730
:100FA00008A3852E800F494384F9223F8825010834
:100FB00000A3852E32318D24082601082DE9F04F3B
:100FC000DBB002920493649AAD4B059053F8223043
:100FD0000193049B0091013B0393029B1A1DC0F2F5
:100FE0009980DC1E48BF1C1DE410671CFB000693A3
:100FF000029B039AA3EBC707019B03EB0209659BC6
:10100000A4EB02081EAE03EB880A00254FF0000B8C
:101010004D4540F38180049A1EAB03EB82050DF52C
:101020008C7B4FF000090023019A914540F39C808E
:1010300013460AAA02EB83030893659B03EB840320
:10104000019C07935AAB03EB84030DF1280853F876
:1010500050BC464625464FF087490DF58C7A002D49
:1010600000F387803946584600F048FA4FF078512F
:101070000546EFF777FB00F08DFA4FF08241EFF76E
:1010800071FB01462846EFF763FA0546EFF730FD9E
:101090000646EFF713FB01462846EFF759FA002FF3
:1010A000814640F38380621E0AABC7F1080153F802
:1010B000225045FA01F31E448B40ED1A0AAB43F867
:1010C0002250C7F107031D41002D7CDD00220136AF
:1010D0009246944200F3AC80002F05DD012F00F012
:1010E000B880022F00F0BF80022D6CD149464FF02E
:1010F0007E50EFF72DFA8146BAF1000F63D03946E2
:101100004FF07E5000F0FAF901464846EFF720FA1A
:10111000814658E0002468E718EB050F07D45AF819
:101120002500EFF7CBFA46F8040B013570E7584677
:10113000F9E70793059BDAF8001053F82800EFF75A
:1011400011FB01463046EFF705FA079B064608F10A
:101150000108039A9045AAF1040AEADD4BF8046BF2
:1011600009F1010904355FE7AA461E464FF0000861
:10117000EFE74FF06E515846EFF7F4FAEFF7B8FC8F
:10118000EFF79CFA49460990EFF7ECFA014658460A
:10119000EFF7DEF9EFF7ACFC013D46F8040B5AF827
:1011A00025100998EFF7D6F9834658E705D1631E55
:1011B0000AAA52F82350ED1186E74FF07C51EFF761
:1011C00083FC054690BB00214846EFF75FFC0028F2
:1011D00000F09080631E002201998B424ADA002AB7
:1011E00076D0013C0AAB083F53F82430002BF8D0EE
:1011F00039464FF07E5000F081F9A24607460DF5C2
:101200008C784FF06E59BAF1000F80F2A18027461A
:101210000022002FC0F2CB8046A91A4B01EB870BAE
:1012200090464FF0000AA4EB0709B4E002254DE711
:1012300058F8043BBAF1000F08D123B1C3F580730D
:1012400048F8043C012301329A4642E7C3F1FF0308
:10125000F6E7621E0AAB53F8223003F07F030AA9B7
:1012600041F8223040E7621E0AAB53F8223003F007
:101270003F03F4E70AA951F82310013B0A43ABE707
:101280004C29010820290108013352F8041D0029C6
:10129000FAD0049A1EA9A218661C01EB82051C4410
:1012A0000DF58C79B442FFF6CDAE079B53F82600BE
:1012B000EFF704FAAB4628604FF0000A4FF0000841
:1012C000039B9A4507DD49F8268004350136E9E796
:1012D000089A0123D9E7059B5BF8040953F82A1003
:1012E000EFF740FA01464046EFF734F90AF1010AF8
:1012F0008046E5E7069B029A4846991A00F0FEF8F8
:101300004FF087418046EFF7DFFBF8B14FF06E51A9
:101310004046EFF727FAEFF7EBFBEFF7CFF94FF087
:1013200087418146EFF71EFA01464046EFF710F974
:10133000EFF7DEFB0AAB083743F8240001344846D8
:10134000EFF7D6FB0AAB43F8240051E74046F7E736
:101350000AAB53F82A00EFF7B1F93946EFF702FA72
:10136000494648F82A003846EFF7FCF90AF1FF3AF7
:10137000074648E753F8040B5BF8041B03920293FB
:10138000EFF7F0F901464046EFF7E4F8DDE9023205
:1013900080460AF1010A01998A4501DCD145E9DA62
:1013A0005AAB03EB8909013F49F8A08C31E7649BF4
:1013B000022B07DC002B4EDC2ED006F007005BB0C2
:1013C000BDE8F08F649B032BF7D10DF1C80B0BEB3D
:1013D0008407B846A246BAF1000F49DCA146B9F12C
:1013E000010F60DC0020012C76DC329A339B002D4B
:1013F00078D100990A604B600A469060DDE757F8A3
:101400002410EFF7A7F8013C002CF8DA0DB100F139
:101410000040009B1860D0E7002032AFF4E757F897
:101420002810EFF797F808F1FF38B8F1000FF6DA57
:10143000ADB100F10043009A014613603298EFF716
:1014400087F84FF0010844450BDA0DB100F1004078
:10145000009B5860B1E7A046002032AFE5E70346A5
:10146000E9E757F8041FEFF775F808F10108EAE714
:10147000D8F8003058F8042C02931946104601920F
:10148000EFF768F8019A014681461046EFF760F8D9
:10149000029B1946EFF75EF848F804090AF1FF3A93
:1014A000C8F8009097E757F8043CD7F800A00193DC
:1014B00051461846EFF74EF8019B01468046184604
:1014C000EFF746F85146EFF745F847F8040909F1F8
:1014D000FF39C7F8008082E75BF82410EFF73AF88D
:1014E000013C80E7009902F1004203F100430A60E9
:1014F0004B600A4600F100407FE700BF30F0004239
:1015000038B503460D4604462ED0B2F1FF4F04D342
:101510000146EFF71FF8034626E010F0FF4F18D101
:101520004FF09841EFF71EF9174A954203460CDB3E
:10153000C0F3C7520446193A4CF250318D420ADDCD
:101540001249184661F31E0000E01149EFF70AF94D
:10155000E1E7D20DF0E75119FE29F1DC002905DDA4
:1015600024F0FF4444EAC153184638BD11F1160F68
:1015700001DA0749E5E701F1190024F0FF444FF0D3
:101580004C5144EAC050E1E7B03CFFFFCAF2497158
:101590006042A20D70B5C0F3C7557F3D162D0146C0
:1015A000044620F0004626DC002D0FDA1749EEF73E
:1015B000D1FF0021EFF792FA30B1002C23DA002E90
:1015C000134C08BF4FF0004421461AE0114E2E4143
:1015D000304216D00D49EEF7BDFF0021EFF77EFA3D
:1015E0000028F1D0002CBEBF4FF400032B41E418BB
:1015F00024EA0604E8E7B6F1FF4F02D3EEF7AAFFAC
:101600000146084670BD0024DEE700BFCAF24971FA
:10161000000080BFFFFF7F00F8B500BFF8BC08BC2A
:101620009E467047F8B500BFF8BC08BC9E467047A0
:10163000466F6C6C6F77494B000000004E6F6E6513
:101640000000000044697361626C65640000000082
:101650004275737900000000456E636F64657253D4
:1016600074616C6500000000486F6D696E674275BB
:10167000737900005761697454696D656F75740002
:10168000546F6F6C4D6F7665000000004D69737389
:10169000656453796E63000049646C650000000066
:1016A000517565756564000057616974576F726B99
:1016B0007370616365000000466F6C6C6F770000AB
:1016C000546F6F6C000000005761697443757400BB
:1016D000437574446F776E00486F6C6400000000BF
:1016E0005265636F76657200446F6E65000000009E
:1016F0004572726F72000000556E6B6E6F776E00F0
:101700004D6F76654661696C000000004F6B0D0AF5
:1017100000000000494B3A583D252E336620593DC4
:10172000252E3366205A3D252E336620543D252E26
:1017300033662C252E33662C252E336620416C6CA7
:101740006F7765643D25750D0A0000004572723A99
:1017500025730D0A000000005472696767657253B3
:101760007461747573000000547269673A456E6164
:10177000626C65643D257520496E74657276616C96
:101780003D252E3366204469723D252E306620505B
:10179000756C73654D733D256C75204E6578743D91
:1017A000252E33662051756575653D25752044727B
:1017B0006F707065643D256C752050756C73653D68
:1017C00025752050696E3D504131350D0A000000ED
:1017D0005A6474506F7300005A4454506F733A49FE
:1017E0003D257520506F733D252E3166204A6F6967
:1017F0006E7444656C74613D252E3266204A6F69B3
:101800006E7454686574613D252E326620476561AB
:10181000723D252E3166204578743D30782530386C
:101820006C5820444C433D257520446174613D252E
:10183000303258202530325820253032582025307B
:101840003258202530325820253032582025303269
:101850005820253032580D0A000000005A445450D8
:101860006F733A493D257520506F733D252E3166C3
:10187000204578743D30782530386C5820444C43EE
:101880003D257520446174613D2530325820253056
:101890003258202530325820253032582025303219
:1018A00058202530325820253032582025303258E3
:1018B0000D0A0000466F6C6C6F775374617475731A
:1018C00000000000466F6C6C6F773A456E61626C89
:1018D00065643D2575204861735461726765743D88
:1018E0002575205461726765743D252E33662C255D
:1018F0002E33662C252E33662056583D252E326613
:101900002056593D252E32662050726564696374F5
:101910003D252E33662C252E33662C252E3366204E
:10192000466565643D252E316620466565645A3DF1
:10193000252E316620506572696F643D256C7520D7
:101940004465616462616E643D252E3266204D619E
:1019500078537465703D252E3266204C6F6F6B6135
:10196000686561643D256C75204167654D733D2553
:101970006C752054696D656F75744D733D256C757C
:101980002054696D656F75743D2575205469636BCE
:101990004D733D256C752045727258593D252E3288
:1019A00066204572725A3D252E326620457272338A
:1019B000443D252E326620557064617465733D2563
:1019C0006C752052656A656374733D256C75204D96
:1019D0006F76654661696C3D256C75204C6173744A
:1019E0004572723D25730D0A000000004C6174635E
:1019F000680000004C617463683A5365713D256C62
:101A00007520453D252E336620455261773D252EB4
:101A100033662045436F72723D252E336620455252
:101A200065663D252E336620563D252E33662053B0
:101A3000616D706C654167653D256C752054696307
:101A40006B3D256C75204167653D256C75205661A1
:101A50006C69643D257520557064617465733D251E
:101A60006C752051756575653D25752044726F70E4
:101A70007065643D256C750D0A000000456E636F4E
:101A8000646572537461747573000000456E633A47
:101A9000493D2575204163746976653D2575204172
:101AA0006E676C653D252E3166205A65726F3D2547
:101AB0002E31662044697374583D252E33662056B6
:101AC000656C583D252E3366204D6D50657244651A
:101AD000673D252E3666204469723D252E306620EE
:101AE0004167654D733D256C75205374616C653D90
:101AF000257520557064617465733D256C750D0AFC
:101B00000000000043757453746174757300000025
:101B10004375743A456E61626C65643D257520536A
:101B2000746174653D2573204861734A6F623D2579
:101B30007520547261636B3D256C642043616D3D7B
:101B4000252E33662C252E336620507265643D2584
:101B50002E33662C252E33662052656D61696E3DED
:101B6000252E3366204C6561643D252E33662F2576
:101B70002E33662054726967676572583D252E338F
:101B800066204C617465583D252E33662053796E6E
:101B9000633D252E33662F252E3366205265616402
:101BA000793D25752053796E6352656164793D25D1
:101BB0007520576F726B73706163653D2575205694
:101BC000656C3D252E32662F252E326620456E63CC
:101BD000303D252E33662053746174696F6E583D15
:101BE000252E3366204366673D252E33662C252E31
:101BF00033662C252E33662C252E3366205A3D2540
:101C00002E31662C252E31662C252E316620446F10
:101C10006E653D256C75205375626D69743D256C4C
:101C2000752052656A656374733D256C75204C613F
:101C300073744572723D25730D0A000043414E3A9C
:101C400053746174653D256C75204572723D307822
:101C50002530386C58204553523D30782530386C4B
:101C600058205445433D2575205245433D25752058
:101C7000424F46463D257520544D453D3078256CF4
:101C8000580D0A004C696D69743A4A313D2575203A
:101C90004A323D2575204A333D2575205261773DF6
:101CA0002575257525752050696E733D5042332C7E
:101CB0005042342C504235204163746976654C6F34
:101CC000773D25750D0A0000486F6D65537461748A
:101CD00075730000486F6D653A53746174653D25F6
:101CE00073204163746976653D2575204661737480
:101CF0003D30782530325820536C6F773D30782551
:101D0000303258204469723D25642C25642C2564AA
:101D10000D0A000044656C746153544D3332203217
:101D20003032362D30362D30382064697374616E50
:101D300063652D747269676765722D6C6174636881
:101D40002D76312D67656172352D7061313500005A
:101D500046573A2573204275696C643D25732025EA
:101D6000732050696E733D5042332C5042342C50D6
:101D70004235204163746976654C6F773D25750D5A
:101D80000A00000031313A33323A303500000000A9
:101D90004A756E2033302032303236004973446544
:101DA0006C7461004F6B2044656C746153544D3307
:101DB000320D0A00506F736974696F6E0000000085
:101DC000506F736974696F6E3A252E33662C252E19
:101DD00033662C252E33660D0A000000486F6D65B2
:101DE0004E656564735331004F6B20486F6D6553CA
:101DF000746172740D0A0000486F6D6553746172EE
:101E000074000000252E33662C252E33662C252EDB
:101E100033660D0A00000000456E61626C650000CB
:101E200044697361626C65004553746F7000000013
:101E3000466F6C6C6F77585900000000466F6C6CF1
:101E40006F774C696D697400456E644178697341C0
:101E500000000000456E644178697300436F6E7640
:101E600065796F7253000000436F6E7665796F720B
:101E700000000000436F6E7665796F7253746F7067
:101E800000000000456E645A65726F00456E635332
:101E90007461727400000000456E6353746F7000CB
:101EA000456E63436F6E666967000000456E63436D
:101EB000616C4400456E6343616C0000436F6E7655
:101EC00065796F7256000000436F6E7665796F72A8
:101ED0004D6D0000546F6F6C5A65726F000000000A
:101EE000546F6F6C41000000437574585900000036
:101EF0004E6F4C6174636800547269674D616E7512
:101F0000616C00005A647449640000005A64744EA5
:101F10006F5265706C7900005A6474456E61626C32
:101F200065417267730000005A6474456E61626CAB
:101F3000650000005A647456656C41726773000056
:101F40005A647456656C00005A647453746F700060
:101F50005A65726F496400005A65726F44656C740B
:101F6000610000005A65726F4D6F746F720000005F
:101F70004C6F63616C486F6D6500000053796E6350
:101F80004A6F67417267730053796E634A6F6700E7
:101F900053796E634A6F674F6E65417267730000D5
:101FA00053796E634A6F674F6E650000494B0000BE
:101FB0004C696D6974506F6C6172697479000000CE
:101FC00050726F62654172677300000050726F62F9
:101FD0006500000050726F62653A493D25752044E6
:101FE0003D256420563D252E3166204869743D25E7
:101FF0007520506F73303D252E316620506F733140
:102000003D252E31662044656C74613D252E316678
:10201000204C696D6974303D307825303258204C41
:10202000696D6974313D30782530325820543D2532
:102030006C750D0A00000000486F6D6544697249B7
:1020400064000000486F6D65446972440000000040
:10205000486F6D6544697200556E737570706F726C
:1020600074656400456E61626C65536574746C657B
:102070000000000052656C656173654C696D6974A0
:1020800073000000466173745365656B00000000C7
:102090004261636B6F666600536C6F775365656B67
:1020A00000000000536574746C65000041626F723B
:1020B000746564000000A0400000A0400000A04043
:1020C0000000803F0000803F0000803F00000000D3
:1020D00000000000010203040607080943444320EE
:1020E000496E746572666163650000004344432075
:1020F000436F6E666967000030303030303030300A
:10210000303030310000000044656C74612053545D
:102110004D3332463430372043444300706F74618E
:10212000746F2D726F626F74002E00003400000017
:10213000CEFBFFFFCB030000010000000000000009
:1021400035000000CEFBFFFFCB03000001000000C4
:102150000000000000000000BC89D897B2D29C3C6F
:1021600033A7A8D523F649393DA7F444FD0FA5327E
:102170009D978CCF08BA5B25436FAC642806681125
:102180000020202020202020202028282828282047
:10219000202020202020202020202020202020203F
:1021A00020881010101010101010101010101010A7
:1021B0001004040404040404040404101010101097
:1021C0001010414141414141010101010101010161
:1021D00001010101010101010101010110101010B3
:1021E0001010424242424242020202020202020233
:1021F0000202020202020202020202021010101087
:1022000020000000000000000000000000000000AE
:1022100000000000000000000000000000000000BE
:1022200000000000000000000000000000000000AE
:10223000000000000000000000000000000000009E
:10224000000000000000000000000000000000008E
:10225000000000000000000000000000000000007E
:10226000000000000000000000000000000000006E
:10227000000000000000000000000000000000005E
:10228000004300504F5349580042616C6C6F63200B
:10229000737563636565646564002F6275696C645A
:1022A0002F676E752D746F6F6C732D666F722D7343
:1022B000746D33325F31322E332E72656C312E32B3
:1022C000303234303932362D313731352F73726335
:1022D0002F6E65776C69622F6E65776C69622F6C03
:1022E0006962632F7374646C69622F6764746F61D1
:1022F0002D6765746865782E63002F6275696C645C
:102300002F676E752D746F6F6C732D666F722D73E2
:10231000746D33325F31322E332E72656C312E3252
:10232000303234303932362D313731352F737263D4
:102330002F6E65776C69622F6E65776C69622F6CA2
:102340006962632F7374646C69622F6D7072656368
:102350002E63000005000000190000007D00000051
:102360000080E03779C34143176E05B5B5B8934691
:10237000F5F93FE9034F384D321D30F94877825A5D
:102380003CBF737FDD4F1575000000000000F03F7B
:102390000000000000002440000000000000594040
:1023A0000000000000408F40000000000088C34093
:1023B00000000000006AF8400000000080842E4108
:1023C00000000000D01263410000000084D7974154
:1023D0000000000065CDCD41000000205FA002425A
:1023E000000000E876483742000000A2941A6D42CF
:1023F000000040E59C30A2420000901EC4BCD642C2
:1024000000003426F56B0C430080E03779C341436C
:1024100000A0D8855734764300C84E676DC1AB43E2
:10242000003D9160E458E143408CB5781DAF154400
:1024300050EFE2D6E41A4B4492D54D06CFF08044DB
:10244000F64AE1C7022DB544B49DD9794378EA44F0
:10245000494E4600696E66004E414E006E616E0048
:10246000303132333435363738396162636465660A
:102470000030313233343536373839414243444500
:102480004600300030303030303030303030303096
:1024900030303030202020202020202020202020FC
:1024A000202020202C2066756E6374696F6E3A20A0
:1024B00000617373657274696F6E20222573222028
:1024C0006661696C65643A2066696C6520222573D3
:1024D000222C206C696E65202564257325730A0003
:1024E000496E66696E697479004E614E002F62759F
:1024F000696C642F676E752D746F6F6C732D666FCA
:10250000722D73746D33325F31322E332E72656CDF
:10251000312E32303234303932362D313731352F99
:102520007372632F6E65776C69622F6E65776C6965
:10253000622F6C6962632F7374646C69622F6474B8
:102540006F612E630030303030303030303030301A
:10255000303030303020202020202020202020202B
:1025600020202020200000006937AC316821223370
:10257000B40F14336821A2333863ED3EDA0F493FBC
:102580005E987B3FDA0FC93F000FC93F000F4940FB
:1025900000CB9640000FC9400053FB4000CB1641D2
:1025A00000ED2F41000F49410031624100537B4152
:1025B000003A8A4100CB9641005CA34100EDAF4157
:1025C000007EBC41000FC94100A0D5410031E2416D
:1025D00000C2EE410053FB4100F20342003A0A42BE
:1025E0000083104200CB164200141D42005C2342BF
:1025F00000A5294200ED2F4200363642007E3C42C3
:1026000000C74242000F4942A2000000F90000004A
:10261000830000006E0000004E0000004400000037
:102620001500000029000000FC0000002700000049
:1026300057000000D1000000F50000003400000049
:10264000DD000000C0000000DB00000062000000B0
:1026500095000000990000003C00000043000000CD
:102660009000000041000000FE000000510000004A
:1026700063000000AB000000DE000000BB000000B3
:10268000C500000061000000B70000002400000049
:102690006E0000003A000000420000004D00000003
:1026A000D2000000E0000000060000004900000029
:1026B0002E000000EA00000009000000D100000028
:1026C000920000001C000000FE0000001D00000041
:1026D000EB0000001C000000B10000002900000019
:1026E000A70000003E000000E8000000820000009B
:1026F00035000000F50000002E000000BB000000C7
:102700004400000084000000E90000009C0000007C
:102710007000000026000000B40000005F00000010
:102720007E00000041000000390000009100000020
:10273000D6000000390000008300000053000000B4
:1027400039000000F40000009C000000840000003C
:102750005F0000008B000000BD000000F9000000D9
:10276000280000003B0000001F000000F8000000EF
:1027700097000000FF000000DE00000005000000E0
:10278000980000000F000000EF0000002F00000084
:10279000110000008B0000005A0000000A00000039
:1027A0006D0000001F0000006D00000036000000FA
:1027B0007E000000CF00000027000000CB000000DA
:1027C00009000000B70000004F00000046000000B4
:1027D0003F000000660000009E0000005F00000057
:1027E000EA0000002D000000750000002700000036
:1027F000BA000000C7000000EB000000E500000088
:10280000F10000007B0000003D0000000700000018
:1028100039000000F70000008A00000052000000AC
:1028200092000000EA0000006B000000FB000000C6
:102830005F000000B10000001F0000008D000000DC
:102840005D000000080000005600000003000000CA
:102850003000000046000000FC0000007B0000008B
:102860006B000000AB000000F0000000CF00000093
:10287000BC000000200000009A000000F4000000EE
:10288000360000001D000000A9000000E300000069
:1028900091000000610000005E000000E600000002
:1028A0001B00000008000000650000009900000007
:1028B000850000005F00000014000000A000000080
:1028C00068000000400000008D000000FF000000D4
:1028D000D8000000800000004D00000073000000E0
:1028E0002700000031000000060000000600000084
:1028F0001500000056000000CA0000007300000030
:10290000A8000000C900000060000000E200000014
:102910007B000000C00000008C0000006B00000085
:102920000000C93F0000F0390000DA370000A23390
:102930000000842E0000502B0000C2270000D0228F
:102940000000C41F0000C61B000044170400000064
:0829500007000000090000006F
:0829580054E2FE7F01000000C3
:0829600069BC0008B501000884
:0429680091010008D1
:10296C00010000000024F400010000001000000031
:10297C00B600000000010500020084000000010008
:10298C0000002800440065007600690063006500C3
:10299C0049006E00740065007200660061006300FF
:1029AC006500470055004900440000004E0000003F
:1029BC007B004500410030004200440035004300DC
:1029CC0033002D0035003000460033002D0034005C
:1029DC003800380038002D00380034004200340034
:1029EC002D00370034004500350030004500310023
:1029FC00360034003900440042007D0000003E00E7
:102A0C000000010000000C004C0061006200650039
:102A1C006C000000240000004F00440072006900AC
:102A2C007600650000000000280000000001040092
:102A3C000100000000000000020057494E555342AF
:102A4C00000000000000000000000000000000007A
:102A5C0009026A00030100C032080B0002020201E5
:102A6C000009040000010202010005240010010508
:102A7C00240100010424020205240600010705823A
:102A8C000308001009040100020A000000070501F8
:102A9C000240000007058102400000080B02010003
:102AAC0000000609040200020001000007050302F1
:102ABC004000000705830240000000001397000847
:102ACC00C99600083D960008000000000395000818
:102ADC00DD9400085D950008000000000000000077
:102AEC0000000000399500082D9500084595000858
:102AFC00519500089DA200080A0600020000004043
:102B0C000100000065A10008DDA00008E1A000089C
:102B1C003DA1000800C201000000080004030904E4
:102B2C0012010002EF020140091207F40002010237
:102B3C0003010000F9A1000805A2000881A2000809
:102B4C0065A2000849A200082DA2000811A20008E5
:102B5C00FFFFFFFF0000020000000000000000006B
:102B6C00F8010020F80100200002002000020020E3
:102B7C000802002008020020100200201002002091
:102B8C001802002018020020200200202002002041
:102B9C0028020020280200203002002030020020F1
:102BAC0038020020380200204002002040020020A1
:102BBC004802002048020020500200205002002051
:102BCC005802002058020020600200206002002001
:102BDC0068020020680200207002002070020020B1
:102BEC007802002078020020800200208002002061
:102BFC008802002088020020900200209002002011
:102C0C009802002098020020A0020020A0020020C0
:102C1C00A8020020A8020020B0020020B002002070
:102C2C00B8020020B8020020C0020020C002002020
:102C3C00C8020020C8020020D0020020D0020020D0
:102C4C00D8020020D8020020E0020020E002002080
:102C5C00E8020020E8020020F0020020F002002030
:102C6C00F8020020F80200200003002000030020DE
:102C7C00080300200803002010030020100300208C
:102C8C00180300201803002020030020200300203C
:102C9C0028030020280300203003002030030020EC
:102CAC00380300203803002040030020400300209C
:102CBC00480300204803002050030020500300204C
:102CCC0058030020580300206003002060030020FC
:102CDC0068030020680300207003002070030020AC
:102CEC00780300207803002080030020800300205C
:102CFC00880300208803002090030020900300200C
:102D0C009803002098030020A0030020A0030020BB
:102D1C00A8030020A8030020B0030020B00300206B
:102D2C00B8030020B8030020C0030020C00300201B
:102D3C00C8030020C8030020D0030020D0030020CB
:102D4C00D8030020D8030020E0030020E00300207B
:102D5C00E8030020E8030020F0030020F00300202B
:102D6C00F8030020F80300200004002000040020D9
:102D7C000804002008040020100400201004002087
:102D8C001804002018040020200400202004002037
:102D9C0028040020280400203004002030040020E7
:102DAC003804002038040020400400204004002097
:102DBC004804002048040020500400205004002047
:102DCC0058040020580400206004002060040020F7
:102DDC0068040020680400207004002070040020A7
:102DEC007804002078040020800400208004002057
:102DFC008804002088040020900400209004002007
:102E0C009804002098040020A0040020A0040020B6
:102E1C00A8040020A8040020B0040020B004002066
:102E2C00B8040020B8040020C0040020C004002016
:102E3C00C8040020C8040020D0040020D0040020C6
:102E4C00D8040020D8040020E0040020E004002076
:102E5C00E8040020E8040020F0040020F004002026
:102E6C00F8040020F80400200005002000050020D4
:102E7C000805002008050020100500201005002082
:102E8C001805002018050020200500202005002032
:102E9C0028050020280500203005002030050020E2
:102EAC003805002038050020400500204005002092
:102EBC004805002048050020500500205005002042
:102ECC0058050020580500206005002060050020F2
:102EDC0068050020680500207005002070050020A2
:102EEC007805002078050020800500208005002052
:102EFC008805002088050020900500209005002002
:102F0C009805002098050020A0050020A0050020B1
:102F1C00A8050020A8050020B0050020B005002061
:102F2C00B8050020B8050020C0050020C005002011
:102F3C00C8050020C8050020D0050020D0050020C1
:102F4C00D8050020D8050020E0050020E005002071
:102F5C00E8050020E8050020F0050020F005002021
:102F6C000000000003000000342A00204300000091
:102F7C000000000000000000000000000000000045
:102F8C0000000000000000000000000043000000F2
:102F9C000000000000000000000000000000000025
:102FAC0000000000000000000000000043000000D2
:102FBC000000000000000000000000000000000005
:102FCC0000000000000000000000000043000000B2
:102FDC0000000000000000000000000000000000E5
:102FEC000000000000000000000000004300000092
:102FFC0000000000000000000000000000000000C5
:10300C000000000000000000000000004300000071
:10301C0000000000000000000000000000000000A4
:10302C000000000000000000000000004300000051
:10303C000000000000000000000000000000000084
:10304C0000000000000000000000000001CE00089D
:10305C0027C5000800000000802101082921010873
:10306C00DF240108DF240108DF240108DF24010824
:10307C00DF240108DF240108DF240108DF24010814
:10308C00DF240108FFFFFFFFFFFFFFFFFFFFFFFF34
:10309C00FFFF0000010041534349490000000000BC
:1030AC000000000000000000000000000000000014
:1030BC00000000000000415343494900000000009B
:1030CC0000000000000000000000000000000000F4
:1030DC00000000000000000080070020000000003D
:1030EC0000000000342A00209C2A0020042B002021
:1030FC0000000000000000000000000000000000C4
:10310C0000000000000000000000000000000000B3
:10311C0000000000000000000000000000000000A3
:10312C000000000000000000000000000000000093
:10313C000000000000000000000000000000000083
:10314C000000000000000000000000000000000073
:10315C000000000000000000000000000000000063
:10316C000000000000000000000000000000000053
:10317C000000000000000000010000000000000042
:10318C000E33CDAB34126DE6ECDE05000B00000007
:10319C000000000000000000000000000000000023
:1031AC000000000000000000000000000000000013
:1031BC000000000000000000000000000000000003
:1031CC0000000000000000000000000000000000F3
:1031DC0000000000000000000000000000000000E3
:1031EC0000000000000000000000000000000000D3
:1031FC0000000000000000000000000000000000C3
:0C320C00752B00206042A20D0000803FE6
:0400000508006BE1A3
:00000001FF
